TAP version 13
# Subtest: new custom questionnaire is conveyed intact as the creative request, not discarded as untrusted commands
ok 1 - new custom questionnaire is conveyed intact as the creative request, not discarded as untrusted commands
  ---
  duration_ms: 3.703872
  type: 'test'
  ...
# Subtest: archived plot context accompanies the request without mutating the archive
ok 2 - archived plot context accompanies the request without mutating the archive
  ---
  duration_ms: 0.539249
  type: 'test'
  ...
# Subtest: new story does not receive an unrelated prior story as its continuation
ok 3 - new story does not receive an unrelated prior story as its continuation
  ---
  duration_ms: 2.785989
  type: 'test'
  ...
# Subtest: empty request remains optional and keeps a normal story default
ok 4 - empty request remains optional and keeps a normal story default
  ---
  duration_ms: 0.60664
  type: 'test'
  ...
# Subtest: continue without a request includes all existing chapters and advances only one chapter
ok 5 - continue without a request includes all existing chapters and advances only one chapter
  ---
  duration_ms: 5.647365
  type: 'test'
  ...
# Subtest: custom continuation carries both the current direction and the exact original story
ok 6 - custom continuation carries both the current direction and the exact original story
  ---
  duration_ms: 0.879179
  type: 'test'
  ...
# Subtest: questionnaire, list and letter bodies are accepted without a narrative-only validator
ok 7 - questionnaire, list and letter bodies are accepted without a narrative-only validator
  ---
  duration_ms: 4.011715
  type: 'test'
  ...
# Subtest: continuation appends and preserves old chapter bytes, title, premise and other stories
ok 8 - continuation appends and preserves old chapter bytes, title, premise and other stories
  ---
  duration_ms: 1.63914
  type: 'test'
  ...
# Subtest: long requirements retain their last instruction, with no new length gate or truncation
ok 9 - long requirements retain their last instruction, with no new length gate or truncation
  ---
  duration_ms: 17.090583
  type: 'test'
  ...
# Subtest: new plans keep a recoverable prompt revision, preserving the direction across JSON round trips
ok 10 - new plans keep a recoverable prompt revision, preserving the direction across JSON round trips
  ---
  duration_ms: 5.99336
  type: 'test'
  ...
# Subtest: legacy new and continuation plans reproduce the exact previous prompt bytes
ok 11 - legacy new and continuation plans reproduce the exact previous prompt bytes
  ---
  duration_ms: 5.117291
  type: 'test'
  ...
# Subtest: requirements remain JSON-encoded; reference commands do not become creative instructions
ok 12 - requirements remain JSON-encoded; reference commands do not become creative instructions
  ---
  duration_ms: 0.531797
  type: 'test'
  ...
# Subtest: the composed outgoing request keeps the custom requirement, archive and controlled character context
ok 13 - the composed outgoing request keeps the custom requirement, archive and controlled character context
  ---
  duration_ms: 4.846718
  type: 'test'
  ...
# Subtest: UI explains one optional input for both new work and continuation; both actions remain available
ok 14 - UI explains one optional input for both new work and continuation; both actions remain available
  ---
  duration_ms: 5.91013
  type: 'test'
  ...
# Subtest: read-only UI retains the reader and hides generation actions
ok 15 - read-only UI retains the reader and hides generation actions
  ---
  duration_ms: 1.015968
  type: 'test'
  ...
# Subtest: plain-text rendering escapes executable markup in questionnaire answers
ok 16 - plain-text rendering escapes executable markup in questionnaire answers
  ---
  duration_ms: 6.940876
  type: 'test'
  ...
# Subtest: generation still uses one validated segment, the original settings and the supplied context envelope
ok 17 - generation still uses one validated segment, the original settings and the supplied context envelope
  ---
  duration_ms: 1.054885
  type: 'test'
  ...
# Subtest: invalid target still fails before generation; existing story stays unchanged
ok 18 - invalid target still fails before generation; existing story stays unchanged
  ---
  duration_ms: 3.530425
  type: 'test'
  ...
# Subtest: explicit new/next-chapter actions send the current input without selecting an unrelated pending task
ok 19 - explicit new/next-chapter actions send the current input without selecting an unrelated pending task
  ---
  duration_ms: 1.973829
  type: 'test'
  ...
# [HeartbeatMemories] input token count unavailable; proceeding without an estimated hard cutoff { name: 'Error' }
# (node:13) ExperimentalWarning: VM Modules is an experimental feature and might change at any time
# (Use `node --trace-warnings ...` to show where the warning was created)
# Subtest: all production module exports initialize
ok 20 - all production module exports initialize
  ---
  duration_ms: 304.335013
  type: 'test'
  ...
# Subtest: input user budget preserves positive integers; actual tokens decide instead of chars
ok 21 - input user budget preserves positive integers; actual tokens decide instead of chars
  ---
  duration_ms: 284.139115
  type: 'test'
  ...
# Subtest: JSON and profile streaming preserve responses beyond 600k chars and 4MB
ok 22 - JSON and profile streaming preserve responses beyond 600k chars and 4MB
  ---
  duration_ms: 311.390687
  type: 'test'
  ...
# Subtest: cumulative drama and extras retain every existing record past former caps
ok 23 - cumulative drama and extras retain every existing record past former caps
  ---
  duration_ms: 237.47184
  type: 'test'
  ...
# Subtest: CG incremental generation retains paid item 241 and matching coverage
ok 24 - CG incremental generation retains paid item 241 and matching coverage
  ---
  duration_ms: 247.949997
  type: 'test'
  ...
# Subtest: real waiting request pipeline holds revision drift and does not commit stale output
ok 25 - real waiting request pipeline holds revision drift and does not commit stale output
  ---
  duration_ms: 325.86834
  type: 'test'
  ...
# Subtest: switch + quota failure retains paid output; save-only retry restores old and new without another request
ok 26 - switch + quota failure retains paid output; save-only retry restores old and new without another request
  ---
  duration_ms: 270.315417
  type: 'test'
  ...
# Subtest: missing or silent localStorage never reports durable save; rejection handled and export available
ok 27 - missing or silent localStorage never reports durable save; rejection handled and export available
  ---
  duration_ms: 267.628811
  type: 'test'
  ...
# Subtest: durable pending journal survives runtime reload and requires original revision
ok 28 - durable pending journal survives runtime reload and requires original revision
  ---
  duration_ms: 488.563634
  type: 'test'
  ...
# Subtest: invalid paid body remains exportable rather than triggering another request
ok 29 - invalid paid body remains exportable rather than triggering another request
  ---
  duration_ms: 253.627363
  type: 'test'
  ...
# Subtest: real intel request saves normally and releases running state
ok 30 - real intel request saves normally and releases running state
  ---
  duration_ms: 327.807858
  type: 'test'
  ...
# Subtest: manual JSON and SSE transport retain >4MB while preserving requested output budget
ok 31 - manual JSON and SSE transport retain >4MB while preserving requested output budget
  ---
  duration_ms: 753.359175
  type: 'test'
  ...
# Subtest: archive deletion and character switch never write held results into the new target
ok 32 - archive deletion and character switch never write held results into the new target
  ---
  duration_ms: 274.475527
  type: 'test'
  ...
# Subtest: confirmed local results remain recoverable despite rejected metadata persistence
ok 33 - confirmed local results remain recoverable despite rejected metadata persistence
  ---
  duration_ms: 676.285513
  type: 'test'
  ...
# Subtest: HTTP/LAN hosts without crypto.randomUUID can retain paid results with distinct ids
ok 34 - HTTP/LAN hosts without crypto.randomUUID can retain paid results with distinct ids
  ---
  duration_ms: 249.528519
  type: 'test'
  ...
# (node:14) ExperimentalWarning: VM Modules is an experimental feature and might change at any time
# (Use `node --trace-warnings ...` to show where the warning was created)
# Subtest: uniform 255 character matte is removed automatically, enclosed white clothing remains
ok 35 - uniform 255 character matte is removed automatically, enclosed white clothing remains
  ---
  duration_ms: 289.724019
  type: 'test'
  ...
# Subtest: uniform 235 character matte is removed automatically, enclosed white clothing remains
ok 36 - uniform 235 character matte is removed automatically, enclosed white clothing remains
  ---
  duration_ms: 302.763468
  type: 'test'
  ...
# Subtest: uniform 205 character matte is removed automatically, enclosed white clothing remains
ok 37 - uniform 205 character matte is removed automatically, enclosed white clothing remains
  ---
  duration_ms: 290.389217
  type: 'test'
  ...
# Subtest: genuine transparency needs no user-confirmed edit flag
ok 38 - genuine transparency needs no user-confirmed edit flag
  ---
  duration_ms: 231.172508
  type: 'test'
  ...
# Subtest: blank images, scenic rectangles, and stacked cells are not called clean cutouts
ok 39 - blank images, scenic rectangles, and stacked cells are not called clean cutouts
  ---
  duration_ms: 425.434268
  type: 'test'
  ...
# Subtest: new shared backgrounds use generated images, even if the model returns a local pattern
ok 40 - new shared backgrounds use generated images, even if the model returns a local pattern
  ---
  duration_ms: 305.487616
  type: 'test'
  ...
# Subtest: previous procedural art can be replaced with one image without regenerating the storyboard
ok 41 - previous procedural art can be replaced with one image without regenerating the storyboard
  ---
  duration_ms: 408.835457
  type: 'test'
  ...
# Subtest: unfinished image backgrounds are not counted as completed layered clips
ok 42 - unfinished image backgrounds are not counted as completed layered clips
  ---
  duration_ms: 427.062009
  type: 'test'
  ...
# (node:15) ExperimentalWarning: VM Modules is an experimental feature and might change at any time
# (Use `node --trace-warnings ...` to show where the warning was created)
# Subtest: song recommendations rank lyrical, impact, interaction, loop and reveal from meaningful evidence
ok 43 - song recommendations rank lyrical, impact, interaction, loop and reveal from meaningful evidence
  ---
  duration_ms: 192.504874
  type: 'test'
  ...
# Subtest: three selected NPCs are kept independently of user visibility; one frame uses only its two named actors
ok 44 - three selected NPCs are kept independently of user visibility; one frame uses only its two named actors
  ---
  duration_ms: 220.746707
  type: 'test'
  ...
# Subtest: worldbook cast source is supplied once, with stable person bindings and no card-as-person instruction
ok 45 - worldbook cast source is supplied once, with stable person bindings and no card-as-person instruction
  ---
  duration_ms: 229.350121
  type: 'test'
  ...
# Subtest: opening recommendation controls and editing type never calls text/image providers
ok 46 - opening recommendation controls and editing type never calls text/image providers
  ---
  duration_ms: 226.902763
  type: 'test'
  ...
# Subtest: storyboard JSON examples use real participant IDs in both image and video modes
ok 47 - storyboard JSON examples use real participant IDs in both image and video modes
  ---
  duration_ms: 509.393945
  type: 'test'
  ...
# Subtest: same-name NPCs retain separate identity, appearance and provider labels without renaming saved people
ok 48 - same-name NPCs retain separate identity, appearance and provider labels without renaming saved people
  ---
  duration_ms: 205.77755
  type: 'test'
  ...
# Subtest: user visibility filters only explicit user identity, never NPCs sharing the persona name
ok 49 - user visibility filters only explicit user identity, never NPCs sharing the persona name
  ---
  duration_ms: 309.51378
  type: 'test'
  ...
# Subtest: explicit empty cast stays an empty landscape; missing cast remains repairable, not a generation gate
ok 50 - explicit empty cast stays an empty landscape; missing cast remains repairable, not a generation gate
  ---
  duration_ms: 234.857897
  type: 'test'
  ...
# Subtest: model name fallback binds only a unique name and unknown IDs warn without dropping valid cast
ok 51 - model name fallback binds only a unique name and unknown IDs warn without dropping valid cast
  ---
  duration_ms: 218.64852
  type: 'test'
  ...
# Subtest: one person can keep multiple worldbook sources and deselection preserves paid old-shot identities
ok 52 - one person can keep multiple worldbook sources and deselection preserves paid old-shot identities
  ---
  duration_ms: 228.242562
  type: 'test'
  ...
# Subtest: no new actor count cap: 24 identities and appearances survive multi-character and flat provider preparation
ok 53 - no new actor count cap: 24 identities and appearances survive multi-character and flat provider preparation
  ---
  duration_ms: 217.028735
  type: 'test'
  ...
# Subtest: hands-only framing does not append face, hair, wardrobe or full-body framing
ok 54 - hands-only framing does not append face, hair, wardrobe or full-body framing
  ---
  duration_ms: 390.585376
  type: 'test'
  ...
# Subtest: missing appearance is allowed; generated appearance cannot overwrite manual facts or create strangers
ok 55 - missing appearance is allowed; generated appearance cannot overwrite manual facts or create strangers
  ---
  duration_ms: 281.929195
  type: 'test'
  ...
# Subtest: song-owned cast and type survive reload and stay isolated from another song and chat
ok 56 - song-owned cast and type survive reload and stay isolated from another song and chat
  ---
  duration_ms: 766.82718
  type: 'test'
  ...
# Subtest: continuation freezes per-song cast despite archive edits, keeps images and clothing, and adds only missing sections
ok 57 - continuation freezes per-song cast despite archive edits, keeps images and clothing, and adds only missing sections
  ---
  duration_ms: 285.513837
  type: 'test'
  ...
# Subtest: editing cast during a paid request holds its response for save-only retry instead of overwriting the edit
ok 58 - editing cast during a paid request holds its response for save-only retry instead of overwriting the edit
  ---
  duration_ms: 275.151942
  type: 'test'
  ...
# Subtest: chat switch journals new cast response and fresh-runtime save-only recovery preserves IDs
ok 59 - chat switch journals new cast response and fresh-runtime save-only recovery preserves IDs
  ---
  duration_ms: 629.818089
  type: 'test'
  ...
# Subtest: draw failure sends no automatic extra request and preserves an already-paid asset
ok 60 - draw failure sends no automatic extra request and preserves an already-paid asset
  ---
  duration_ms: 324.413831
  type: 'test'
  ...
# Subtest: draw delivers scene and matched appearance metadata without duplicating lorebook bodies in image prompt
ok 61 - draw delivers scene and matched appearance metadata without duplicating lorebook bodies in image prompt
  ---
  duration_ms: 331.875289
  type: 'test'
  ...
# Subtest: manual shot binding keeps assets and edits all reused frames of that composition
ok 62 - manual shot binding keeps assets and edits all reused frames of that composition
  ---
  duration_ms: 355.076083
  type: 'test'
  ...
# Subtest: cast editor uses song-only snapshot, and late picker confirmation after chat switch is rejected
ok 63 - cast editor uses song-only snapshot, and late picker confirmation after chat switch is rejected
  ---
  duration_ms: 448.743941
  type: 'test'
  ...
# Subtest: stale picker cannot overwrite newer per-song appearance edits
ok 64 - stale picker cannot overwrite newer per-song appearance edits
  ---
  duration_ms: 350.706541
  type: 'test'
  ...
# Subtest: persona is added only explicitly and adding it twice never duplicates or reclassifies an NPC
ok 65 - persona is added only explicitly and adding it twice never duplicates or reclassifies an NPC
  ---
  duration_ms: 341.117183
  type: 'test'
  ...
# Subtest: loop reuses paid asset keys and fractional short-shot weights survive timeline building
ok 66 - loop reuses paid asset keys and fractional short-shot weights survive timeline building
  ---
  duration_ms: 354.078767
  type: 'test'
  ...
# Subtest: manual nonrecommended type is accepted and malformed recommendation metadata never becomes a gate
ok 67 - manual nonrecommended type is accepted and malformed recommendation metadata never becomes a gate
  ---
  duration_ms: 364.173016
  type: 'test'
  ...
# Subtest: UI escapes names, IDs and actions, and keeps all style options selectable without percentages
ok 68 - UI escapes names, IDs and actions, and keeps all style options selectable without percentages
  ---
  duration_ms: 337.56759
  type: 'test'
  ...
# Subtest: real public image adapter forwards names and looks to character and flat backends without changing user settings
ok 69 - real public image adapter forwards names and looks to character and flat backends without changing user settings
  ---
  duration_ms: 763.986526
  type: 'test'
  ...
# Subtest: back-only persona setting still permits hand and silhouette crops
ok 70 - back-only persona setting still permits hand and silhouette crops
  ---
  duration_ms: 402.339989
  type: 'test'
  ...
# Subtest: empty scene cannot inherit full-body framing from a model group default
ok 71 - empty scene cannot inherit full-body framing from a model group default
  ---
  duration_ms: 344.240968
  type: 'test'
  ...
# Subtest: legacy grouped-frame replies inherit their cast without additional schema rejection
ok 72 - legacy grouped-frame replies inherit their cast without additional schema rejection
  ---
  duration_ms: 305.364555
  type: 'test'
  ...
# Subtest: a delayed continuation never overwrites per-person wardrobe edited while it was running
ok 73 - a delayed continuation never overwrites per-person wardrobe edited while it was running
  ---
  duration_ms: 738.22072
  type: 'test'
  ...
# Subtest: record UI type, appearance and outfit edits are song-local and keep existing assets
ok 74 - record UI type, appearance and outfit edits are song-local and keep existing assets
  ---
  duration_ms: 535.104976
  type: 'test'
  ...
# (node:48) ExperimentalWarning: VM Modules is an experimental feature and might change at any time
# (Use `node --trace-warnings ...` to show where the warning was created)
# Subtest: 1–4 completed then full range appends 5–8 and preserves paid assets, settings and timing
ok 75 - 1–4 completed then full range appends 5–8 and preserves paid assets, settings and timing
  ---
  duration_ms: 316.018358
  type: 'test'
  ...
# Subtest: export defaults to completed 1–4 and remains independent when making full song
ok 76 - export defaults to completed 1–4 and remains independent when making full song
  ---
  duration_ms: 267.144507
  type: 'test'
  ...
# Subtest: continuation only supplies missing global section indexes and existing wardrobe to the request
ok 77 - continuation only supplies missing global section indexes and existing wardrobe to the request
  ---
  duration_ms: 245.731316
  type: 'test'
  ...
# Subtest: no missing sections makes no paid request; duplicate clicks share the existing story lock
ok 78 - no missing sections makes no paid request; duplicate clicks share the existing story lock
  ---
  duration_ms: 273.850816
  type: 'test'
  ...
# Subtest: a short model reply can be continued again without losing either completed batch
ok 79 - a short model reply can be continued again without losing either completed batch
  ---
  duration_ms: 466.839531
  type: 'test'
  ...
# Subtest: append merges concurrent drawing, timing, wardrobe, export and range edits
ok 80 - append merges concurrent drawing, timing, wardrobe, export and range edits
  ---
  duration_ms: 440.902173
  type: 'test'
  ...
# Subtest: regeneration while append is running holds paid append instead of overwriting the replacement
ok 81 - regeneration while append is running holds paid append instead of overwriting the replacement
  ---
  duration_ms: 418.103559
  type: 'test'
  ...
# Subtest: switching chat journals append; fresh runtime can save it once without another request
ok 82 - switching chat journals append; fresh runtime can save it once without another request
  ---
  duration_ms: 854.249635
  type: 'test'
  ...
# Subtest: request failure and malformed/out-of-range paid results keep all existing images
ok 83 - request failure and malformed/out-of-range paid results keep all existing images
  ---
  duration_ms: 731.249624
  type: 'test'
  ...
# Subtest: legacy shots accept new v2 continuation while preserving existing local images
ok 84 - legacy shots accept new v2 continuation while preserving existing local images
  ---
  duration_ms: 377.240713
  type: 'test'
  ...
# Subtest: legacy flat model reply can append to v2 without making new shots undrawable
ok 85 - legacy flat model reply can append to v2 without making new shots undrawable
  ---
  duration_ms: 287.141376
  type: 'test'
  ...
# Subtest: normalization retains more than 8 groups, 5 diffs and 2 backgrounds without remapping to first
ok 86 - normalization retains more than 8 groups, 5 diffs and 2 backgrounds without remapping to first
  ---
  duration_ms: 254.145603
  type: 'test'
  ...
# Subtest: range generation no longer treats a stretched previous shot as part of an empty section
ok 87 - range generation no longer treats a stretched previous shot as part of an empty section
  ---
  duration_ms: 261.800324
  type: 'test'
  ...
# Subtest: completed clips exclude holes, undrawn diffs and missing cutout backgrounds; optional motif is not a gate
ok 88 - completed clips exclude holes, undrawn diffs and missing cutout backgrounds; optional motif is not a gate
  ---
  duration_ms: 255.046508
  type: 'test'
  ...
# Subtest: custom partial export uses section times, supports reverse selection, and keeps source data untouched
ok 89 - custom partial export uses section times, supports reverse selection, and keeps source data untouched
  ---
  duration_ms: 301.352023
  type: 'test'
  ...
# Subtest: manual full/unfinished export is still available and export choice survives save/reload
ok 90 - manual full/unfinished export is still available and export choice survives save/reload
  ---
  duration_ms: 572.727936
  type: 'test'
  ...
# Subtest: v2 UI displays continuation, invokes it once, and renders both saved and appended groups
ok 91 - v2 UI displays continuation, invokes it once, and renders both saved and appended groups
  ---
  duration_ms: 419.176887
  type: 'test'
  ...
# Subtest: export UI selects a completed clip independently of generation range and offers later clips separately
ok 92 - export UI selects a completed clip independently of generation range and offers later clips separately
  ---
  duration_ms: 418.882071
  type: 'test'
  ...
# Subtest: audio export seeks selected start, omits broken out-of-range image and stops at selected end
ok 93 - audio export seeks selected start, omits broken out-of-range image and stops at selected end
  ---
  duration_ms: 421.58899
  type: 'test'
  ...
# Subtest: silent export uses the same chosen clip length instead of the whole song
ok 94 - silent export uses the same chosen clip length instead of the whole song
  ---
  duration_ms: 367.350102
  type: 'test'
  ...
# Subtest: selected unavailable image reports export failure, and explicit stop releases recorder resources
ok 95 - selected unavailable image reports export failure, and explicit stop releases recorder resources
  ---
  duration_ms: 596.380771
  type: 'test'
  ...
# Subtest: recording fallback seeks and stops at its separately selected clip
ok 96 - recording fallback seeks and stops at its separately selected clip
  ---
  duration_ms: 467.799164
  type: 'test'
  ...
# Subtest: storage outage retains the paid append and save-only retry is idempotent without another generation
ok 97 - storage outage retains the paid append and save-only retry is idempotent without another generation
  ---
  duration_ms: 355.871118
  type: 'test'
  ...
# Subtest: paid asset finishing after append still saves to the original group
ok 98 - paid asset finishing after append still saves to the original group
  ---
  duration_ms: 392.052431
  type: 'test'
  ...
# Subtest: export progress starts at zero and measures only the chosen duration
ok 99 - export progress starts at zero and measures only the chosen duration
  ---
  duration_ms: 1555.943769
  type: 'test'
  ...
# Subtest: leaving during audio metadata wait cannot restart a cancelled export
ok 100 - leaving during audio metadata wait cannot restart a cancelled export
  ---
  duration_ms: 1733.593074
  type: 'test'
  ...
# Subtest: a verse-only export does not preload a motif that is only rendered in the chorus
not ok 101 - a verse-only export does not preload a motif that is only rendered in the chorus
  ---
  duration_ms: 1175.601789
  type: 'test'
  location: '/workspace/scratch/59771f6e8e39/hearttrace-mv-cutout-1.0.15/tokimemo-main/tools/verification/mv-continuation-regression.mjs:140:1'
  failureType: 'testCodeFailure'
  error: |-
    The expression evaluated to a falsy value:
    
      assert.ok(!f.loaded.some(s=>s.includes('bad-chorus-only')))
    
  code: 'ERR_ASSERTION'
  name: 'AssertionError'
  expected: true
  actual: false
  operator: '=='
  stack: |-
    TestContext.<anonymous> (file:///workspace/scratch/59771f6e8e39/hearttrace-mv-cutout-1.0.15/tokimemo-main/tools/verification/mv-continuation-regression.mjs:141:293)
    async Test.run (node:internal/test_runner/test:1389:7)
    async Test.processPendingSubtests (node:internal/test_runner/test:960:7)
  ...
# Subtest: clipping preserves original first-shot timing and beat/lyric boundaries instead of recalculating from zero
ok 102 - clipping preserves original first-shot timing and beat/lyric boundaries instead of recalculating from zero
  ---
  duration_ms: 423.848216
  type: 'test'
  ...
# (node:56) ExperimentalWarning: VM Modules is an experimental feature and might change at any time
# (Use `node --trace-warnings ...` to show where the warning was created)
# Subtest: one-click cutout opens directly on a transparent PNG draft and preserves original on save
ok 103 - one-click cutout opens directly on a transparent PNG draft and preserves original on save
  ---
  duration_ms: 328.809949
  type: 'test'
  ...
# Subtest: one-click cutout undo and cancel keep the paid source and do not save a mask
ok 104 - one-click cutout undo and cancel keep the paid source and do not save a mask
  ---
  duration_ms: 290.357779
  type: 'test'
  ...
# Subtest: explicit cutout removes panel outside white only and never describes it as recovered character
ok 105 - explicit cutout removes panel outside white only and never describes it as recovered character
  ---
  duration_ms: 337.995149
  type: 'test'
  ...
# Subtest: complex and empty backgrounds produce no destructive saved image
ok 106 - complex and empty backgrounds produce no destructive saved image
  ---
  duration_ms: 403.769873
  type: 'test'
  ...
# Subtest: preview trims a rectangular panel border but never zooms into a full-body transparent figure
ok 107 - preview trims a rectangular panel border but never zooms into a full-body transparent figure
  ---
  duration_ms: 467.953497
  type: 'test'
  ...
# Subtest: character, group background, motif, and inspector use the selected frame shape and provide cutout action
ok 108 - character, group background, motif, and inspector use the selected frame shape and provide cutout action
  ---
  duration_ms: 197.286598
  type: 'test'
  ...
# Subtest: real board thumbnail excludes picture padding without changing persisted image, shots or timing
ok 109 - real board thumbnail excludes picture padding without changing persisted image, shots or timing
  ---
  duration_ms: 700.463031
  type: 'test'
  ...
# Subtest: one-click never guesses a cell from a multi-panel sprite sheet
ok 110 - one-click never guesses a cell from a multi-panel sprite sheet
  ---
  duration_ms: 402.547675
  type: 'test'
  ...
# (node:76) ExperimentalWarning: VM Modules is an experimental feature and might change at any time
# (Use `node --trace-warnings ...` to show where the warning was created)
# Subtest: automatically prepared character can be downloaded directly while a prompt-only save keeps the source
ok 111 - automatically prepared character can be downloaded directly while a prompt-only save keeps the source
  ---
  duration_ms: 362.427499
  type: 'test'
  ...
# Subtest: editor selects the third of four panels before processing; saved PNG contains only blue pixels
ok 112 - editor selects the third of four panels before processing; saved PNG contains only blue pixels
  ---
  duration_ms: 233.70868
  type: 'test'
  ...
# Subtest: native editor erase, restore, undo and saved transparent PNG preserve original reference
ok 113 - native editor erase, restore, undo and saved transparent PNG preserve original reference
  ---
  duration_ms: 311.078148
  type: 'test'
  ...
# Subtest: free selection uses pointer coordinates after zoom and preserves a prompt-only draft on cancel
ok 114 - free selection uses pointer coordinates after zoom and preserves a prompt-only draft on cancel
  ---
  duration_ms: 266.01062
  type: 'test'
  ...
# Subtest: prompt-only save needs no image; reset returns the default without requesting a new image
ok 115 - prompt-only save needs no image; reset returns the default without requesting a new image
  ---
  duration_ms: 283.505029
  type: 'test'
  ...
# Subtest: transparent PNG import keeps its alpha and provides its own original for persistent storage
ok 116 - transparent PNG import keeps its alpha and provides its own original for persistent storage
  ---
  duration_ms: 263.846923
  type: 'test'
  ...
# Subtest: reopened cropped edit keeps saved pixels and can restore the full original
ok 117 - reopened cropped edit keeps saved pixels and can restore the full original
  ---
  duration_ms: 276.415607
  type: 'test'
  ...
# Subtest: mobile overview fits a long four-panel image and pan mode does not draw over it
ok 118 - mobile overview fits a long four-panel image and pan mode does not draw over it
  ---
  duration_ms: 267.974158
  type: 'test'
  ...
# Subtest: unsuitable opaque image is not marked as a transparent layer by one-click processing
ok 119 - unsuitable opaque image is not marked as a transparent layer by one-click processing
  ---
  duration_ms: 386.683759
  type: 'test'
  ...
# Subtest: playback never uses white-removal percentage to layer unconfirmed pictures
ok 120 - playback never uses white-removal percentage to layer unconfirmed pictures
  ---
  duration_ms: 954.26042
  type: 'test'
  ...
# (node:96) ExperimentalWarning: VM Modules is an experimental feature and might change at any time
# (Use `node --trace-warnings ...` to show where the warning was created)
# Subtest: TT Chinese 71-character synthetic completion is a transport failure, not missing JSON
ok 121 - TT Chinese 71-character synthetic completion is a transport failure, not missing JSON
  ---
  duration_ms: 263.329973
  type: 'test'
  ...
# Subtest: localized error labels work after host metadata is stripped, including profile streams
ok 122 - localized error labels work after host metadata is stripped, including profile streams
  ---
  duration_ms: 264.225688
  type: 'test'
  ...
# Subtest: canonical TT error envelopes support other locales and never accept JSON from an error body
ok 123 - canonical TT error envelopes support other locales and never accept JSON from an error body
  ---
  duration_ms: 275.202226
  type: 'test'
  ...
# Subtest: recognized host envelope preserves status before a nested upstream JSON error
ok 124 - recognized host envelope preserves status before a nested upstream JSON error
  ---
  duration_ms: 218.881806
  type: 'test'
  ...
# Subtest: known API error without a status remains an unknown connection failure, not an invented 524
ok 125 - known API error without a status remains an unknown connection failure, not an invented 524
  ---
  duration_ms: 311.645379
  type: 'test'
  ...
# Subtest: validated requests never automatically reroll recognized TT error placeholders
ok 126 - validated requests never automatically reroll recognized TT error placeholders
  ---
  duration_ms: 719.962623
  type: 'test'
  ...
# Subtest: normal JSON and existing safe wrappers keep every field, quote, brace, tag and lyric unchanged
ok 127 - normal JSON and existing safe wrappers keep every field, quote, brace, tag and lyric unchanged
  ---
  duration_ms: 278.942837
  type: 'test'
  ...
# Subtest: partial JSON is not stripped; unfinished data, HTML and reasoning remain on their existing paths
ok 128 - partial JSON is not stripped; unfinished data, HTML and reasoning remain on their existing paths
  ---
  duration_ms: 216.99144
  type: 'test'
  ...
# Subtest: incidental labels and noncanonical IDs do not become new generation gates
ok 129 - incidental labels and noncanonical IDs do not become new generation gates
  ---
  duration_ms: 222.150754
  type: 'test'
  ...
# Subtest: failed regeneration leaves existing pictures, timings and shots intact; next manual attempt succeeds
ok 130 - failed regeneration leaves existing pictures, timings and shots intact; next manual attempt succeeds
  ---
  duration_ms: 251.996071
  type: 'test'
  ...
# Subtest: nested and streaming TT envelopes are recognized without treating quoted envelopes as errors
ok 131 - nested and streaming TT envelopes are recognized without treating quoted envelopes as errors
  ---
  duration_ms: 335.657888
  type: 'test'
  ...
# (node:104) ExperimentalWarning: VM Modules is an experimental feature and might change at any time
# (Use `node --trace-warnings ...` to show where the warning was created)
# Subtest: batch zero-based response accepts correct lyrics without replacing old images
ok 132 - batch zero-based response accepts correct lyrics without replacing old images
  ---
  duration_ms: 359.705524
  type: 'test'
  ...
# Subtest: batch one-based response accepts correct lyrics without replacing old images
ok 133 - batch one-based response accepts correct lyrics without replacing old images
  ---
  duration_ms: 330.833789
  type: 'test'
  ...
# Subtest: song one-based response accepts correct lyrics without replacing old images
ok 134 - song one-based response accepts correct lyrics without replacing old images
  ---
  duration_ms: 232.659218
  type: 'test'
  ...
# Subtest: song zero-based response accepts correct lyrics without replacing old images
ok 135 - song zero-based response accepts correct lyrics without replacing old images
  ---
  duration_ms: 215.822766
  type: 'test'
  ...
# Subtest: missing indexes and normalized whitespace/punctuation are recovered from the actual lyric
ok 136 - missing indexes and normalized whitespace/punctuation are recovered from the actual lyric
  ---
  duration_ms: 268.725384
  type: 'test'
  ...
# Subtest: already completed lyrics are never re-labelled as new sections just because their batch indexes fit
ok 137 - already completed lyrics are never re-labelled as new sections just because their batch indexes fit
  ---
  duration_ms: 258.56943
  type: 'test'
  ...
# Subtest: valid absolute-index partial responses with paraphrased lyrics remain accepted
ok 138 - valid absolute-index partial responses with paraphrased lyrics remain accepted
  ---
  duration_ms: 299.582414
  type: 'test'
  ...
# Subtest: flat legacy shots with relative indexes also recover by lyric without upgrading old data
ok 139 - flat legacy shots with relative indexes also recover by lyric without upgrading old data
  ---
  duration_ms: 396.192372
  type: 'test'
  ...
# Subtest: fresh runtime can repair an actual r84.209 blocked paid result with save-only retry
ok 140 - fresh runtime can repair an actual r84.209 blocked paid result with save-only retry
  ---
  duration_ms: 990.61346
  type: 'test'
  ...
# Subtest: instrumental batch without lyrics accepts an unambiguous batch-local numbering scheme
ok 141 - instrumental batch without lyrics accepts an unambiguous batch-local numbering scheme
  ---
  duration_ms: 809.398094
  type: 'test'
  ...
# Subtest: a short instrumental reply with ambiguous one-based numbering is retained instead of placed on an arbitrary section
ok 142 - a short instrumental reply with ambiguous one-based numbering is retained instead of placed on an arbitrary section
  ---
  duration_ms: 503.694173
  type: 'test'
  ...
# Subtest: new pending results retain their requested section range when the display range changes before save
ok 143 - new pending results retain their requested section range when the display range changes before save
  ---
  duration_ms: 480.297905
  type: 'test'
  ...
# (node:112) ExperimentalWarning: VM Modules is an experimental feature and might change at any time
# (Use `node --trace-warnings ...` to show where the warning was created)
# Subtest: a thirty-second prelude shows the first drawing after the two-second title
ok 144 - a thirty-second prelude shows the first drawing after the two-second title
  ---
  duration_ms: 185.461509
  type: 'test'
  ...
# Subtest: intro duration is editable, zero disables it, and reopening preserves song, timing and drawings
ok 145 - intro duration is editable, zero disables it, and reopening preserves song, timing and drawings
  ---
  duration_ms: 182.142415
  type: 'test'
  ...
# Subtest: a chosen five-second title fades out at five seconds rather than waiting for lyrics
ok 146 - a chosen five-second title fades out at five seconds rather than waiting for lyrics
  ---
  duration_ms: 293.389234
  type: 'test'
  ...
# Subtest: a short first shot keeps its second half visible even with a longer title setting
ok 147 - a short first shot keeps its second half visible even with a longer title setting
  ---
  duration_ms: 977.104674
  type: 'test'
  ...
# Subtest: fractional intro durations work and malformed values do not break playback
ok 148 - fractional intro durations work and malformed values do not break playback
  ---
  duration_ms: 2040.625591
  type: 'test'
  ...
# Subtest: a sung opening has no cover and lyric taps are not delayed by title duration
ok 149 - a sung opening has no cover and lyric taps are not delayed by title duration
  ---
  duration_ms: 1411.293276
  type: 'test'
  ...
# Subtest: fragment preview times the title from its own start without changing export timing
ok 150 - fragment preview times the title from its own start without changing export timing
  ---
  duration_ms: 247.680011
  type: 'test'
  ...
# Subtest: recorded video renders the same shortened title as preview without shifting the clock
ok 151 - recorded video renders the same shortened title as preview without shifting the clock
  ---
  duration_ms: 247.569694
  type: 'test'
  ...
# (node:132) ExperimentalWarning: VM Modules is an experimental feature and might change at any time
# (Use `node --trace-warnings ...` to show where the warning was created)
# Subtest: actual r215 paid image journal saves after upgrade without regenerating
ok 152 - actual r215 paid image journal saves after upgrade without regenerating
  ---
  duration_ms: 533.960094
  type: 'test'
  ...
# Subtest: actual r215 story journal saves after upgrade when its original record is unchanged
ok 153 - actual r215 story journal saves after upgrade when its original record is unchanged
  ---
  duration_ms: 576.76826
  type: 'test'
  ...
# Subtest: actual r215 snapshot story journal cannot erase a newer image after upgrade
ok 154 - actual r215 snapshot story journal cannot erase a newer image after upgrade
  ---
  duration_ms: 484.772489
  type: 'test'
  ...
# (node:140) ExperimentalWarning: VM Modules is an experimental feature and might change at any time
# (Use `node --trace-warnings ...` to show where the warning was created)
# Subtest: four vertical panels: each selection is exactly one quarter, not another half
ok 155 - four vertical panels: each selection is exactly one quarter, not another half
  ---
  duration_ms: 223.45862
  type: 'test'
  ...
# Subtest: free crop handles reversed/invalid coordinates without sampling outside the image
ok 156 - free crop handles reversed/invalid coordinates without sampling outside the image
  ---
  duration_ms: 174.388024
  type: 'test'
  ...
# Subtest: automatic preview preserves enclosed white clothing even when its area is large
ok 157 - automatic preview preserves enclosed white clothing even when its area is large
  ---
  duration_ms: 211.254753
  type: 'test'
  ...
# Subtest: manual erase/restore fills fast strokes and restores original alpha and color
ok 158 - manual erase/restore fills fast strokes and restores original alpha and color
  ---
  duration_ms: 231.689904
  type: 'test'
  ...
# Subtest: saving prompt makes zero generation calls; redraw sends exactly that prompt without appended cast
ok 159 - saving prompt makes zero generation calls; redraw sends exactly that prompt without appended cast
  ---
  duration_ms: 306.861386
  type: 'test'
  ...
# Subtest: reset prompt recovers the unchanged default and never erases a saved picture
ok 160 - reset prompt recovers the unchanged default and never erases a saved picture
  ---
  duration_ms: 255.221114
  type: 'test'
  ...
# Subtest: manual transparent local image and original reference survive a fresh runtime
ok 161 - manual transparent local image and original reference survive a fresh runtime
  ---
  duration_ms: 480.587504
  type: 'test'
  ...
# Subtest: late generated picture cannot replace a manual cutout saved while drawing
ok 162 - late generated picture cannot replace a manual cutout saved while drawing
  ---
  duration_ms: 266.912751
  type: 'test'
  ...
# Subtest: an editor opened on an older picture cannot overwrite a newer picture or new storyboard
ok 163 - an editor opened on an older picture cannot overwrite a newer picture or new storyboard
  ---
  duration_ms: 557.343199
  type: 'test'
  ...
# Subtest: manual save in a different chat is held for the original scope
ok 164 - manual save in a different chat is held for the original scope
  ---
  duration_ms: 191.602465
  type: 'test'
  ...
# Subtest: manual save awaits failing metadata and keeps a recoverable result
ok 165 - manual save awaits failing metadata and keeps a recoverable result
  ---
  duration_ms: 266.860637
  type: 'test'
  ...
# Subtest: locally edited images are counted as drawn and never queued again by draw remaining
ok 166 - locally edited images are counted as drawn and never queued again by draw remaining
  ---
  duration_ms: 400.952638
  type: 'test'
  ...
# Subtest: editor integration commits unique media after durable blob writes and preserves an open draft across renders
ok 167 - editor integration commits unique media after durable blob writes and preserves an open draft across renders
  ---
  duration_ms: 224.625289
  type: 'test'
  ...
# Subtest: failed blob transaction leaves the previous picture and prompt intact
ok 168 - failed blob transaction leaves the previous picture and prompt intact
  ---
  duration_ms: 212.135514
  type: 'test'
  ...
# Subtest: v2 export waits for an edited local PNG before it starts recording
ok 169 - v2 export waits for an edited local PNG before it starts recording
  ---
  duration_ms: 265.834487
  type: 'test'
  ...
# (node:148) ExperimentalWarning: VM Modules is an experimental feature and might change at any time
# (Use `node --trace-warnings ...` to show where the warning was created)
# Subtest: saved per-shot local images appear after reopening v2 and do not replace shared sibling images
ok 170 - saved per-shot local images appear after reopening v2 and do not replace shared sibling images
  ---
  duration_ms: 294.966607
  type: 'test'
  ...
# Subtest: importing a full scene takes effect in v2 preview without automatic splitting or cutout
ok 171 - importing a full scene takes effect in v2 preview without automatic splitting or cutout
  ---
  duration_ms: 296.439872
  type: 'test'
  ...
# Subtest: single-shot redraw is visible in v2 while sibling shots retain their shared art
ok 172 - single-shot redraw is visible in v2 while sibling shots retain their shared art
  ---
  duration_ms: 307.601445
  type: 'test'
  ...
# Subtest: manual image failure preserves the old reference and blob
ok 173 - manual image failure preserves the old reference and blob
  ---
  duration_ms: 248.548946
  type: 'test'
  ...
# Subtest: two rapid imports keep the last chosen image when storage finishes out of order
ok 174 - two rapid imports keep the last chosen image when storage finishes out of order
  ---
  duration_ms: 298.709589
  type: 'test'
  ...
# Subtest: late import cannot overwrite a replacement storyboard and remains recoverable
ok 175 - late import cannot overwrite a replacement storyboard and remains recoverable
  ---
  duration_ms: 248.047407
  type: 'test'
  ...
# Subtest: late imported image stays bound to the original song after navigation
ok 176 - late imported image stays bound to the original song after navigation
  ---
  duration_ms: 245.240239
  type: 'test'
  ...
# Subtest: a new storyboard revision holds a late import even when its shot fields are identical
ok 177 - a new storyboard revision holds a late import even when its shot fields are identical
  ---
  duration_ms: 274.282456
  type: 'test'
  ...
# Subtest: changing chats during image storage cannot write the imported image into the new chat
ok 178 - changing chats during image storage cannot write the imported image into the new chat
  ---
  duration_ms: 264.493145
  type: 'test'
  ...
# Subtest: a missing imported blob stops export with a message instead of exporting its replaced picture
ok 179 - a missing imported blob stops export with a message instead of exporting its replaced picture
  ---
  duration_ms: 265.450109
  type: 'test'
  ...
# Subtest: returning to shared art removes only the chosen shot override
ok 180 - returning to shared art removes only the chosen shot override
  ---
  duration_ms: 366.670213
  type: 'test'
  ...
# Subtest: completed clip export loads visible imported scenes instead of unavailable replaced assets
ok 181 - completed clip export loads visible imported scenes instead of unavailable replaced assets
  ---
  duration_ms: 326.29431
  type: 'test'
  ...
# Subtest: undoing a correction after all sections are timed leaves that section ready to tap again
ok 182 - undoing a correction after all sections are timed leaves that section ready to tap again
  ---
  duration_ms: 241.519322
  type: 'test'
  ...
# Subtest: undoing an out-of-order section returns to that section, not the first missing one
ok 183 - undoing an out-of-order section returns to that section, not the first missing one
  ---
  duration_ms: 240.981581
  type: 'test'
  ...
# Subtest: undoing a nudge restores its target and a new tap creates a correct undo record
ok 184 - undoing a nudge restores its target and a new tap creates a correct undo record
  ---
  duration_ms: 265.278795
  type: 'test'
  ...
# Subtest: sequential final-tap undo and reopened fallback undo can both be tapped again
ok 185 - sequential final-tap undo and reopened fallback undo can both be tapped again
  ---
  duration_ms: 278.419568
  type: 'test'
  ...
# Subtest: undo keeps the no-audio button disabled and reset removes stale undo targets
ok 186 - undo keeps the no-audio button disabled and reset removes stale undo targets
  ---
  duration_ms: 217.666854
  type: 'test'
  ...
# (node:164) ExperimentalWarning: VM Modules is an experimental feature and might change at any time
# (Use `node --trace-warnings ...` to show where the warning was created)
# Subtest: legacy white-background motifs are real transparent sprites in preview without touching saved art
ok 187 - legacy white-background motifs are real transparent sprites in preview without touching saved art
  ---
  duration_ms: 248.10135
  type: 'test'
  ...
# Subtest: opaque white or patterned motifs are not pasted as rectangular decorations
ok 188 - opaque white or patterned motifs are not pasted as rectangular decorations
  ---
  duration_ms: 476.160286
  type: 'test'
  ...
# Subtest: true transparent white motifs retain their original colour and semi-transparent pixels
ok 189 - true transparent white motifs retain their original colour and semi-transparent pixels
  ---
  duration_ms: 203.490801
  type: 'test'
  ...
# Subtest: white snow on the contrasting default background keeps its white foreground
ok 190 - white snow on the contrasting default background keeps its white foreground
  ---
  duration_ms: 284.862109
  type: 'test'
  ...
# Subtest: enclosed white motif details stay opaque while the outside becomes transparent
ok 191 - enclosed white motif details stay opaque while the outside becomes transparent
  ---
  duration_ms: 220.398655
  type: 'test'
  ...
# Subtest: motif background processing is not applied to a full-scene white character picture
ok 192 - motif background processing is not applied to a full-scene white character picture
  ---
  duration_ms: 208.19714
  type: 'test'
  ...
# Subtest: redrawing or importing a new motif invalidates the old prepared sprite
ok 193 - redrawing or importing a new motif invalidates the old prepared sprite
  ---
  duration_ms: 265.480484
  type: 'test'
  ...
# Subtest: canvas read failure skips only the motif and does not fall back to its opaque original
ok 194 - canvas read failure skips only the motif and does not fall back to its opaque original
  ---
  duration_ms: 204.627444
  type: 'test'
  ...
# Subtest: preview and video export use the same transparent motif pixels
ok 195 - preview and video export use the same transparent motif pixels
  ---
  duration_ms: 234.744753
  type: 'test'
  ...
# Subtest: only the default motif recipe changes; white motifs use contrast and custom prompts remain verbatim
ok 196 - only the default motif recipe changes; white motifs use contrast and custom prompts remain verbatim
  ---
  duration_ms: 220.201862
  type: 'test'
  ...
# Subtest: motif editor opens with the prepared pixels and saves a real PNG while preserving its original
ok 197 - motif editor opens with the prepared pixels and saves a real PNG while preserving its original
  ---
  duration_ms: 185.659803
  type: 'test'
  ...
# Subtest: motif editor can undo background processing and manually restore white details
ok 198 - motif editor can undo background processing and manually restore white details
  ---
  duration_ms: 215.308069
  type: 'test'
  ...
# Subtest: motif editor does not erase an unrecognizable background or call an empty image a cutout
ok 199 - motif editor does not erase an unrecognizable background or call an empty image a cutout
  ---
  duration_ms: 250.61825
  type: 'test'
  ...
# Subtest: outer anti-aliased colour is unmixed from white without changing the input or enclosed white
ok 200 - outer anti-aliased colour is unmixed from white without changing the input or enclosed white
  ---
  duration_ms: 272.792892
  type: 'test'
  ...
# (node:176) ExperimentalWarning: VM Modules is an experimental feature and might change at any time
# (Use `node --trace-warnings ...` to show where the warning was created)
# Subtest: saving an MV prompt returns to its picture without changing images or generating
ok 201 - saving an MV prompt returns to its picture without changing images or generating
  ---
  duration_ms: 169.009987
  type: 'test'
  ...
# Subtest: toolbar returns from material editor to the same picture and leaves unsaved prompt unchanged
ok 202 - toolbar returns from material editor to the same picture and leaves unsaved prompt unchanged
  ---
  duration_ms: 159.973803
  type: 'test'
  ...
# Subtest: same-page image completion rerenders keep the current scroll position
ok 203 - same-page image completion rerenders keep the current scroll position
  ---
  duration_ms: 163.45552
  type: 'test'
  ...
# Subtest: preview and timing return one level at a time, restoring each parent position
ok 204 - preview and timing return one level at a time, restoring each parent position
  ---
  duration_ms: 170.198119
  type: 'test'
  ...
# Subtest: page-local return works through the overlay click dispatcher without exiting to interactions
ok 205 - page-local return works through the overlay click dispatcher without exiting to interactions
  ---
  duration_ms: 178.461705
  type: 'test'
  ...
# Subtest: old editor callbacks cannot restore the previous song page after leaving and reopening
ok 206 - old editor callbacks cannot restore the previous song page after leaving and reopening
  ---
  duration_ms: 179.453874
  type: 'test'
  ...
# Subtest: picture anchor, expanded inspection and horizontal thumbnails survive changed layout
ok 207 - picture anchor, expanded inspection and horizontal thumbnails survive changed layout
  ---
  duration_ms: 175.512244
  type: 'test'
  ...
# Subtest: completed timing navigation does not make a preview/timing back loop
ok 208 - completed timing navigation does not make a preview/timing back loop
  ---
  duration_ms: 187.279975
  type: 'test'
  ...
# Subtest: preserving page state never reverses an explicit inspection expand/collapse click
ok 209 - preserving page state never reverses an explicit inspection expand/collapse click
  ---
  duration_ms: 176.973249
  type: 'test'
  ...
# Subtest: closed editor callbacks cannot dismiss a newer editor in the same song
ok 210 - closed editor callbacks cannot dismiss a newer editor in the same song
  ---
  duration_ms: 186.033967
  type: 'test'
  ...
# Subtest: rapid repeated edit clicks still return once to the original picture
ok 211 - rapid repeated edit clicks still return once to the original picture
  ---
  duration_ms: 207.304356
  type: 'test'
  ...
# Subtest: the first successful storyboard becomes the root instead of returning to the generate wizard
ok 212 - the first successful storyboard becomes the root instead of returning to the generate wizard
  ---
  duration_ms: 185.510953
  type: 'test'
  ...
# Subtest: pending save keeps the editor open and still allows returning without losing the original picture
ok 213 - pending save keeps the editor open and still allows returning without losing the original picture
  ---
  duration_ms: 192.473346
  type: 'test'
  ...
# Subtest: album thumbnails have no rabbit menu but retain memory and detail image actions
ok 214 - album thumbnails have no rabbit menu but retain memory and detail image actions
  ---
  duration_ms: 193.257954
  type: 'test'
  ...
# Subtest: album detail has a local return and toolbar returns to the scrolled album
ok 215 - album detail has a local return and toolbar returns to the scrolled album
  ---
  duration_ms: 198.694751
  type: 'test'
  ...
# Subtest: read-only album hides write actions and a different album cannot inherit the return position
ok 216 - read-only album hides write actions and a different album cannot inherit the return position
  ---
  duration_ms: 207.292923
  type: 'test'
  ...
# (node:196) ExperimentalWarning: VM Modules is an experimental feature and might change at any time
# (Use `node --trace-warnings ...` to show where the warning was created)
# Subtest: outro appears only inside the selected ending interval, never over later or earlier shots
ok 217 - outro appears only inside the selected ending interval, never over later or earlier shots
  ---
  duration_ms: 314.308735
  type: 'test'
  ...
# Subtest: outro control persists, accepts fractional seconds and zero, preserving drawings and timing
ok 218 - outro control persists, accepts fractional seconds and zero, preserving drawings and timing
  ---
  duration_ms: 323.09001
  type: 'test'
  ...
# Subtest: a short final shot keeps its first half free of the outro
ok 219 - a short final shot keeps its first half free of the outro
  ---
  duration_ms: 295.415177
  type: 'test'
  ...
# Subtest: v1 fade leaves most of a 0.2 second shot clear without removing the transition
ok 220 - v1 fade leaves most of a 0.2 second shot clear without removing the transition
  ---
  duration_ms: 344.750857
  type: 'test'
  ...
# Subtest: v1 flash leaves most of a 0.2 second shot clear without removing the transition
ok 221 - v1 flash leaves most of a 0.2 second shot clear without removing the transition
  ---
  duration_ms: 332.200581
  type: 'test'
  ...
# Subtest: v2 fade leaves most of a 0.2 second shot clear without removing the transition
ok 222 - v2 fade leaves most of a 0.2 second shot clear without removing the transition
  ---
  duration_ms: 368.869004
  type: 'test'
  ...
# Subtest: v2 flash leaves most of a 0.2 second shot clear without removing the transition
ok 223 - v2 flash leaves most of a 0.2 second shot clear without removing the transition
  ---
  duration_ms: 510.916625
  type: 'test'
  ...
# Subtest: normal-length shots retain their existing fade
ok 224 - normal-length shots retain their existing fade
  ---
  duration_ms: 502.608073
  type: 'test'
  ...
# Subtest: hiding lyrics also hides the chorus keyword and restoring lyrics keeps the choice
ok 225 - hiding lyrics also hides the chorus keyword and restoring lyrics keeps the choice
  ---
  duration_ms: 557.75778
  type: 'test'
  ...
# Subtest: motif and keyword controls are independent and preserve generated assets
ok 226 - motif and keyword controls are independent and preserve generated assets
  ---
  duration_ms: 553.686383
  type: 'test'
  ...
# Subtest: fragment export preserves overlay choices without changing the original timeline
ok 227 - fragment export preserves overlay choices without changing the original timeline
  ---
  duration_ms: 484.16814
  type: 'test'
  ...
# Subtest: video export uses the saved overlay snapshot and the same clear ending as preview
ok 228 - video export uses the saved overlay snapshot and the same clear ending as preview
  ---
  duration_ms: 634.366336
  type: 'test'
  ...
# (node:216) ExperimentalWarning: VM Modules is an experimental feature and might change at any time
# (Use `node --trace-warnings ...` to show where the warning was created)
# Subtest: 16:9: BaiBai receives the selected orientation for shared poses, scene assets and redraws
ok 229 - 16:9: BaiBai receives the selected orientation for shared poses, scene assets and redraws
  ---
  duration_ms: 159.826969
  type: 'test'
  ...
# Subtest: 16:9: non-stage cutout assets and complete manual prompts retain the selected orientation
ok 230 - 16:9: non-stage cutout assets and complete manual prompts retain the selected orientation
  ---
  duration_ms: 145.552043
  type: 'test'
  ...
# Subtest: 9:16: BaiBai receives the selected orientation for shared poses, scene assets and redraws
ok 231 - 9:16: BaiBai receives the selected orientation for shared poses, scene assets and redraws
  ---
  duration_ms: 163.834948
  type: 'test'
  ...
# Subtest: 9:16: non-stage cutout assets and complete manual prompts retain the selected orientation
ok 232 - 9:16: non-stage cutout assets and complete manual prompts retain the selected orientation
  ---
  duration_ms: 156.545756
  type: 'test'
  ...
# Subtest: Chatu8 novelai: MV swaps a portrait size only for this horizontal request
ok 233 - Chatu8 novelai: MV swaps a portrait size only for this horizontal request
  ---
  duration_ms: 180.35166
  type: 'test'
  ...
# Subtest: Chatu8 sd: MV swaps a portrait size only for this horizontal request
ok 234 - Chatu8 sd: MV swaps a portrait size only for this horizontal request
  ---
  duration_ms: 168.723167
  type: 'test'
  ...
# Subtest: Chatu8 comfyui: MV swaps a portrait size only for this horizontal request
ok 235 - Chatu8 comfyui: MV swaps a portrait size only for this horizontal request
  ---
  duration_ms: 166.966016
  type: 'test'
  ...
# Subtest: ordinary Chatu8 CG requests retain provider sizes and MV square settings get an oriented request
ok 236 - ordinary Chatu8 CG requests retain provider sizes and MV square settings get an oriented request
  ---
  duration_ms: 170.871232
  type: 'test'
  ...
# Subtest: automatic provider fallback carries the MV orientation to Chatu8
ok 237 - automatic provider fallback carries the MV orientation to Chatu8
  ---
  duration_ms: 173.062413
  type: 'test'
  ...
# Subtest: Chatu8 missing size fields still permit MV generation without changing settings
ok 238 - Chatu8 missing size fields still permit MV generation without changing settings
  ---
  duration_ms: 1092.578669
  type: 'test'
  ...
# Subtest: legacy standalone frames honor the orientation and motif generation keeps its existing contract
ok 239 - legacy standalone frames honor the orientation and motif generation keeps its existing contract
  ---
  duration_ms: 411.114579
  type: 'test'
  ...
# Subtest: horizontal board thumbnails include a wide shape while vertical boards keep portrait tiles
ok 240 - horizontal board thumbnails include a wide shape while vertical boards keep portrait tiles
  ---
  duration_ms: 213.580806
  type: 'test'
  ...
# Subtest: choosing horizontal in setup persists through storyboard generation and drawing the remaining images
ok 241 - choosing horizontal in setup persists through storyboard generation and drawing the remaining images
  ---
  duration_ms: 276.33038
  type: 'test'
  ...
# (node:224) ExperimentalWarning: VM Modules is an experimental feature and might change at any time
# (Use `node --trace-warnings ...` to show where the warning was created)
# Subtest: one setup click makes one storyboard request; drawing screen does not launch another batch
ok 242 - one setup click makes one storyboard request; drawing screen does not launch another batch
  ---
  duration_ms: 182.827151
  type: 'test'
  ...
# Subtest: an explicit continuation click requests one batch even when the reply leaves more sections
ok 243 - an explicit continuation click requests one batch even when the reply leaves more sections
  ---
  duration_ms: 202.803127
  type: 'test'
  ...
# Subtest: late setup completion cannot launch story requests for a newly opened song
ok 244 - late setup completion cannot launch story requests for a newly opened song
  ---
  duration_ms: 172.840657
  type: 'test'
  ...
# Subtest: regeneration arriving after a v2 image was drawn holds the response and preserves that image
ok 245 - regeneration arriving after a v2 image was drawn holds the response and preserves that image
  ---
  duration_ms: 188.957858
  type: 'test'
  ...
# Subtest: story single-flight remains locked until an asynchronous metadata save settles
ok 246 - story single-flight remains locked until an asynchronous metadata save settles
  ---
  duration_ms: 169.570941
  type: 'test'
  ...
# Subtest: queued group drawing never jumps to a newly opened song after its first image finishes
ok 247 - queued group drawing never jumps to a newly opened song after its first image finishes
  ---
  duration_ms: 186.523213
  type: 'test'
  ...
# Subtest: late paid asset is held if its group key was reused by an explicit replacement storyboard
ok 248 - late paid asset is held if its group key was reused by an explicit replacement storyboard
  ---
  duration_ms: 193.430492
  type: 'test'
  ...
# Subtest: a continuation can consist entirely of reused paid images without cloning or redrawing them
ok 249 - a continuation can consist entirely of reused paid images without cloning or redrawing them
  ---
  duration_ms: 177.717053
  type: 'test'
  ...
# Subtest: mixed new and reused groups preserve the correct image keys even when new raw IDs overlap old IDs
ok 250 - mixed new and reused groups preserve the correct image keys even when new raw IDs overlap old IDs
  ---
  duration_ms: 189.685233
  type: 'test'
  ...
# Subtest: single-image redraw sends a fresh seed and a group redraw shares its new seed across differences
ok 251 - single-image redraw sends a fresh seed and a group redraw shares its new seed across differences
  ---
  duration_ms: 206.834259
  type: 'test'
  ...
# Subtest: the existing ten-line request batch size remains, with no total section limit
ok 252 - the existing ten-line request batch size remains, with no total section limit
  ---
  duration_ms: 182.108673
  type: 'test'
  ...
# Subtest: saved r215 custom export selection remains effective when the restored clip controls first open
ok 253 - saved r215 custom export selection remains effective when the restored clip controls first open
  ---
  duration_ms: 170.662293
  type: 'test'
  ...
# Subtest: queued drawing stops when an explicit replacement story arrives, even on the same page
ok 254 - queued drawing stops when an explicit replacement story arrives, even on the same page
  ---
  duration_ms: 214.549594
  type: 'test'
  ...
# Subtest: a manual image filled while another asset is drawing is skipped by the remaining-image queue
ok 255 - a manual image filled while another asset is drawing is skipped by the remaining-image queue
  ---
  duration_ms: 201.622582
  type: 'test'
  ...
# Subtest: append retains images paid before it finishes and late image saves to the unchanged original group
ok 256 - append retains images paid before it finishes and late image saves to the unchanged original group
  ---
  duration_ms: 212.699175
  type: 'test'
  ...
# (node:232) ExperimentalWarning: VM Modules is an experimental feature and might change at any time
# (Use `node --trace-warnings ...` to show where the warning was created)
# Subtest: paid result waits for a returned metadata promise when local storage cannot save
ok 257 - paid result waits for a returned metadata promise when local storage cannot save
  ---
  duration_ms: 440.334391
  type: 'test'
  ...
# Subtest: rejected metadata with no local copy retains the paid result and retries saving without regeneration
ok 258 - rejected metadata with no local copy retains the paid result and retries saving without regeneration
  ---
  duration_ms: 394.97964
  type: 'test'
  ...
# [HeartbeatMemories] host metadata save adapter unavailable
# Subtest: confirmed local copy succeeds even if metadata rejects and survives a fresh runtime
ok 259 - confirmed local copy succeeds even if metadata rejects and survives a fresh runtime
  ---
  duration_ms: 755.556636
  type: 'test'
  ...
# Subtest: void-returning host debounce stays compatible when local storage quota is exhausted
ok 260 - void-returning host debounce stays compatible when local storage quota is exhausted
  ---
  duration_ms: 424.099595
  type: 'test'
  ...
# Subtest: missing, throwing or explicitly failed metadata storage keeps recovery in memory
ok 261 - missing, throwing or explicitly failed metadata storage keeps recovery in memory
  ---
  duration_ms: 1441.938177
  type: 'test'
  ...
# Subtest: failed paid redraw remains exportable and save-only recovery keeps its new image
ok 262 - failed paid redraw remains exportable and save-only recovery keeps its new image
  ---
  duration_ms: 302.693667
  type: 'test'
  ...
# Subtest: a delayed rejected save retains only its original chat recovery
ok 263 - a delayed rejected save retains only its original chat recovery
  ---
  duration_ms: 314.0061
  type: 'test'
  ...
# Subtest: ordinary archive revision growth still allows unchanged-song storyboard saving
ok 264 - ordinary archive revision growth still allows unchanged-song storyboard saving
  ---
  duration_ms: 300.323407
  type: 'test'
  ...
# Subtest: all appearance/shot combinations preserve the current branch cast and scenery intent
ok 265 - all appearance/shot combinations preserve the current branch cast and scenery intent
  ---
  duration_ms: 287.956324
  type: 'test'
  ...
# (node:240) ExperimentalWarning: VM Modules is an experimental feature and might change at any time
# (Use `node --trace-warnings ...` to show where the warning was created)
# Subtest: reported legacy solo prompt replaces the old expression and omits the cast transition
ok 266 - reported legacy solo prompt replaces the old expression and omits the cast transition
  ---
  duration_ms: 144.004096
  type: 'test'
  ...
# Subtest: a complete still supersedes all group and change poses while preserving names and looks
ok 267 - a complete still supersedes all group and change poses while preserving names and looks
  ---
  duration_ms: 137.519233
  type: 'test'
  ...
# Subtest: two expressions produce separate images and the repeated beat reuses the first paid asset
ok 268 - two expressions produce separate images and the repeated beat reuses the first paid asset
  ---
  duration_ms: 155.486435
  type: 'test'
  ...
# Subtest: MV NAI submits the scene once and preserves its separate appearance channel
ok 269 - MV NAI submits the scene once and preserves its separate appearance channel
  ---
  duration_ms: 143.878952
  type: 'test'
  ...
# Subtest: other modules keep the existing NAI transport contract
ok 270 - other modules keep the existing NAI transport contract
  ---
  duration_ms: 151.277459
  type: 'test'
  ...
# Subtest: ComfyUI and flat backends retain complete prompt channels and named looks
ok 271 - ComfyUI and flat backends retain complete prompt channels and named looks
  ---
  duration_ms: 532.351399
  type: 'test'
  ...
# Subtest: player redraw and asset editor use the same chosen still
ok 272 - player redraw and asset editor use the same chosen still
  ---
  duration_ms: 174.137866
  type: 'test'
  ...
# Subtest: manual complete prompts pass through both redraw routes without hidden character text
ok 273 - manual complete prompts pass through both redraw routes without hidden character text
  ---
  duration_ms: 167.636718
  type: 'test'
  ...
# Subtest: a player redraw arriving after an asset prompt edit is preserved as pending
ok 274 - a player redraw arriving after an asset prompt edit is preserved as pending
  ---
  duration_ms: 169.75907
  type: 'test'
  ...
# Subtest: missing optional per-still text and legacy records remain drawable
ok 275 - missing optional per-still text and legacy records remain drawable
  ---
  duration_ms: 192.717777
  type: 'test'
  ...
# Subtest: unbound multi-person legacy actions are retained instead of guessing whose expression changed
ok 276 - unbound multi-person legacy actions are retained instead of guessing whose expression changed
  ---
  duration_ms: 184.493921
  type: 'test'
  ...
# Subtest: omitted group cast can still resolve a named person from the new per-still field
ok 277 - omitted group cast can still resolve a named person from the new per-still field
  ---
  duration_ms: 182.370116
  type: 'test'
  ...
# Subtest: expression storyboard request includes separate stills, sustained poses and a shared stage
ok 278 - expression storyboard request includes separate stills, sustained poses and a shared stage
  ---
  duration_ms: 176.723631
  type: 'test'
  ...
# (node:248) ExperimentalWarning: VM Modules is an experimental feature and might change at any time
# (Use `node --trace-warnings ...` to show where the warning was created)
# Subtest: native Canvas 16:9: one background continues through held poses and changed text
ok 279 - native Canvas 16:9: one background continues through held poses and changed text
  ---
  duration_ms: 313.305239
  type: 'test'
  ...
# Subtest: native Canvas 9:16: one background continues through held poses and changed text
ok 280 - native Canvas 9:16: one background continues through held poses and changed text
  ---
  duration_ms: 362.13421
  type: 'test'
  ...
# Subtest: background is behind confirmed transparent art, text order is deliberate, and opaque art stays intact
ok 281 - background is behind confirmed transparent art, text order is deliberate, and opaque art stays intact
  ---
  duration_ms: 607.621919
  type: 'test'
  ...
# Subtest: an opaque PNG marked as cutout keeps a full-frame fallback instead of hiding the stage text
ok 282 - an opaque PNG marked as cutout keeps a full-frame fallback instead of hiding the stage text
  ---
  duration_ms: 356.006628
  type: 'test'
  ...
# Subtest: shared backgrounds appear once in the board and pose editing is reachable from the player
ok 283 - shared backgrounds appear once in the board and pose editing is reachable from the player
  ---
  duration_ms: 356.85633
  type: 'test'
  ...
# Subtest: native Canvas export matches preview at the same song time even for a clipped second section
ok 284 - native Canvas export matches preview at the same song time even for a clipped second section
  ---
  duration_ms: 465.733271
  type: 'test'
  ...
# Subtest: automatic character layer (native alpha) is visible over the actual shared image
ok 285 - automatic character layer (native alpha) is visible over the actual shared image
  ---
  duration_ms: 555.292232
  type: 'test'
  ...
# Subtest: automatic character layer (\#ffffff) is visible over the actual shared image
ok 286 - automatic character layer (\#ffffff) is visible over the actual shared image
  ---
  duration_ms: 527.675842
  type: 'test'
  ...
# Subtest: automatic character layer (\#dddddd) is visible over the actual shared image
ok 287 - automatic character layer (\#dddddd) is visible over the actual shared image
  ---
  duration_ms: 955.579054
  type: 'test'
  ...
# (node:264) ExperimentalWarning: VM Modules is an experimental feature and might change at any time
# (Use `node --trace-warnings ...` to show where the warning was created)
# Subtest: one shared procedural background serves two groups and does not request an extra image
ok 288 - one shared procedural background serves two groups and does not request an extra image
  ---
  duration_ms: 139.765055
  type: 'test'
  ...
# Subtest: a shared image background is one editable asset and one paid request across groups
ok 289 - a shared image background is one editable asset and one paid request across groups
  ---
  duration_ms: 155.652718
  type: 'test'
  ...
# Subtest: stage prompts separate the character and stage while old expression records stay full-frame
ok 290 - stage prompts separate the character and stage while old expression records stay full-frame
  ---
  duration_ms: 142.368036
  type: 'test'
  ...
# Subtest: layer clocks retain the song anchor when only lyrics or the pose changes
ok 291 - layer clocks retain the song anchor when only lyrics or the pose changes
  ---
  duration_ms: 146.14011
  type: 'test'
  ...
# Subtest: procedural scenes are ready without a paid background and manual clips remain selectable
ok 292 - procedural scenes are ready without a paid background and manual clips remain selectable
  ---
  duration_ms: 168.428916
  type: 'test'
  ...
# Subtest: a shared background cannot be drawn twice concurrently or overwrite a newer edit
ok 293 - a shared background cannot be drawn twice concurrently or overwrite a newer edit
  ---
  duration_ms: 153.50976
  type: 'test'
  ...
# Subtest: shared pose redraw updates its reusable asset and remains editable
ok 294 - shared pose redraw updates its reusable asset and remains editable
  ---
  duration_ms: 194.108274
  type: 'test'
  ...
# Subtest: continuation preserves edited shared art and reuses IDs while appending new backgrounds
ok 295 - continuation preserves edited shared art and reuses IDs while appending new backgrounds
  ---
  duration_ms: 169.899105
  type: 'test'
  ...
# Subtest: late storyboard cannot replace a manually changed shared background
ok 296 - late storyboard cannot replace a manually changed shared background
  ---
  duration_ms: 172.145398
  type: 'test'
  ...
# Subtest: unrecognized optional stage data falls back without blocking a usable storyboard
ok 297 - unrecognized optional stage data falls back without blocking a usable storyboard
  ---
  duration_ms: 165.540331
  type: 'test'
  ...
# Subtest: one storyboard request saves executable stage data and its lyric mode
ok 298 - one storyboard request saves executable stage data and its lyric mode
  ---
  duration_ms: 187.957995
  type: 'test'
  ...
# (node:276) ExperimentalWarning: VM Modules is an experimental feature and might change at any time
# (Use `node --trace-warnings ...` to show where the warning was created)
# Subtest: each section has a selectable button, including index zero
ok 299 - each section has a selectable button, including index zero
  ---
  duration_ms: 395.516716
  type: 'test'
  ...
# Subtest: selecting the chorus changes the big button without writing or seeking audio
ok 300 - selecting the chorus changes the big button without writing or seeking audio
  ---
  duration_ms: 389.280086
  type: 'test'
  ...
# Subtest: original sequential tapping still advances through every section
ok 301 - original sequential tapping still advances through every section
  ---
  duration_ms: 276.591795
  type: 'test'
  ...
# Subtest: a completed section can be selected and corrected, then undo restores its old time
ok 302 - a completed section can be selected and corrected, then undo restores its old time
  ---
  duration_ms: 270.054845
  type: 'test'
  ...
# Subtest: undo removes the most recent selected tap, not the highest section number
ok 303 - undo removes the most recent selected tap, not the highest section number
  ---
  duration_ms: 282.403492
  type: 'test'
  ...
# Subtest: selection resets on reopen and does not carry into another song
ok 304 - selection resets on reopen and does not carry into another song
  ---
  duration_ms: 312.454351
  type: 'test'
  ...
# Subtest: reset clears manual selection and undo history; no audio still disables recording
ok 305 - reset clears manual selection and undo history; no audio still disables recording
  ---
  duration_ms: 668.351595
  type: 'test'
  ...
# Subtest: invalid selection leaves the current target and timing unchanged
ok 306 - invalid selection leaves the current target and timing unchanged
  ---
  duration_ms: 342.31641
  type: 'test'
  ...
# Subtest: saved timing can be reopened and neighbouring tap bounds remain monotonic
ok 307 - saved timing can be reopened and neighbouring tap bounds remain monotonic
  ---
  duration_ms: 356.424639
  type: 'test'
  ...
# Subtest: MV lyrics and other text panels use paired semantic theme colours
ok 308 - MV lyrics and other text panels use paired semantic theme colours
  ---
  duration_ms: 310.446479
  type: 'test'
  ...
# Subtest: theme colour pairs for MV panels exceed 4.5:1 in light, dark and custom modes
ok 309 - theme colour pairs for MV panels exceed 4.5:1 in light, dark and custom modes
  ---
  duration_ms: 292.597106
  type: 'test'
  ...
# (node:283) ExperimentalWarning: VM Modules is an experimental feature and might change at any time
# (Use `node --trace-warnings ...` to show where the warning was created)
# Subtest: whole-song lyric taps keep repeated-shot starts ordered and every distinct lyric exactly on its tap
ok 310 - whole-song lyric taps keep repeated-shot starts ordered and every distinct lyric exactly on its tap
  ---
  duration_ms: 231.732448
  type: 'test'
  ...
# Subtest: a late lyric tap redistributes unmarked shots between anchors rather than leaving old starts behind
ok 311 - a late lyric tap redistributes unmarked shots between anchors rather than leaving old starts behind
  ---
  duration_ms: 227.821081
  type: 'test'
  ...
# Subtest: section taps remain exact fractional anchors even when automatic beat snapping is enabled
ok 312 - section taps remain exact fractional anchors even when automatic beat snapping is enabled
  ---
  duration_ms: 237.628414
  type: 'test'
  ...
# Subtest: unmarked earlier sections fit before a later manual anchor without pushing that anchor away
ok 313 - unmarked earlier sections fit before a later manual anchor without pushing that anchor away
  ---
  duration_ms: 225.025129
  type: 'test'
  ...
# Subtest: section ranges and clipped export follow first-line anchors from whole-song lyric sync
ok 314 - section ranges and clipped export follow first-line anchors from whole-song lyric sync
  ---
  duration_ms: 339.295308
  type: 'test'
  ...
# Subtest: space and punctuation differences in copied lyrics still map to the same manual line
ok 315 - space and punctuation differences in copied lyrics still map to the same manual line
  ---
  duration_ms: 299.63343
  type: 'test'
  ...
# Subtest: repeated lyric text in separate occurrences receives distinct saved line times
ok 316 - repeated lyric text in separate occurrences receives distinct saved line times
  ---
  duration_ms: 257.592351
  type: 'test'
  ...
# Subtest: null and empty lyric taps remain unmarked and corrupt reversed taps never make negative durations
ok 317 - null and empty lyric taps remain unmarked and corrupt reversed taps never make negative durations
  ---
  duration_ms: 300.559213
  type: 'test'
  ...
# Subtest: tiny manually timed line intervals retain both exact anchors and positive intermediate cuts
ok 318 - tiny manually timed line intervals retain both exact anchors and positive intermediate cuts
  ---
  duration_ms: 292.180436
  type: 'test'
  ...
# Subtest: subtitles and timetable use the repaired positive timeline and preserve saved content
ok 319 - subtitles and timetable use the repaired positive timeline and preserve saved content
  ---
  duration_ms: 277.015579
  type: 'test'
  ...
# Subtest: an untimed opening with no intro drawings preserves later estimated cut positions
ok 320 - an untimed opening with no intro drawings preserves later estimated cut positions
  ---
  duration_ms: 256.748262
  type: 'test'
  ...
# Subtest: a corrupt zero tap after earlier drawings is ignored without rewriting data or collapsing those drawings
ok 321 - a corrupt zero tap after earlier drawings is ignored without rewriting data or collapsing those drawings
  ---
  duration_ms: 234.413813
  type: 'test'
  ...
# Subtest: public whole-song lyric sync, undo and reopening preserve exact timing and show no early lyric or skipped drawing
ok 322 - public whole-song lyric sync, undo and reopening preserve exact timing and show no early lyric or skipped drawing
  ---
  duration_ms: 957.710907
  type: 'test'
  ...
# Subtest: video export starts at the marked chorus and uses the same absolute cut points and images as preview
ok 323 - video export starts at the marked chorus and uses the same absolute cut points and images as preview
  ---
  duration_ms: 284.554199
  type: 'test'
  ...
# Subtest: legacy overall timing offsets retain their automatic cut positions when there are no manual marks
ok 324 - legacy overall timing offsets retain their automatic cut positions when there are no manual marks
  ---
  duration_ms: 238.059764
  type: 'test'
  ...
# (node:292) ExperimentalWarning: VM Modules is an experimental feature and might change at any time
# (Use `node --trace-warnings ...` to show where the warning was created)
# Subtest: first storyboard reports wrapped 524 as transport timeout; no fake storyboard or extra request
ok 325 - first storyboard reports wrapped 524 as transport timeout; no fake storyboard or extra request
  ---
  duration_ms: 169.613402
  type: 'test'
  ...
# Subtest: failed regeneration preserves every old shot and image; next manual click can succeed
ok 326 - failed regeneration preserves every old shot and image; next manual click can succeed
  ---
  duration_ms: 211.218674
  type: 'test'
  ...
# Subtest: validated generation does not treat backend error prose as a paid empty-JSON reroll
ok 327 - validated generation does not treat backend error prose as a paid empty-JSON reroll
  ---
  duration_ms: 165.187182
  type: 'test'
  ...
# Subtest: plain, content-array and profile-stream errors retain 524 without exporting backend text
ok 328 - plain, content-array and profile-stream errors retain 524 without exporting backend text
  ---
  duration_ms: 198.865431
  type: 'test'
  ...
# Subtest: structured backend error message retains HTTP status when no numeric status field exists
ok 329 - structured backend error message retains HTTP status when no numeric status field exists
  ---
  duration_ms: 157.14837
  type: 'test'
  ...
# Subtest: numeric envelope status takes priority over conflicting prose
ok 330 - numeric envelope status takes priority over conflicting prose
  ---
  duration_ms: 149.744996
  type: 'test'
  ...
# Subtest: valid JSON, fenced JSON and JSON after backend-like prose remain parseable
ok 331 - valid JSON, fenced JSON and JSON after backend-like prose remain parseable
  ---
  duration_ms: 162.111526
  type: 'test'
  ...
# Subtest: truncated JSON after error-like prose remains a recoverable JSON truncation
ok 332 - truncated JSON after error-like prose remains a recoverable JSON truncation
  ---
  duration_ms: 154.127655
  type: 'test'
  ...
# Subtest: ordinary prose and incidental error references keep the existing parser path
ok 333 - ordinary prose and incidental error references keep the existing parser path
  ---
  duration_ms: 163.647974
  type: 'test'
  ...
# Subtest: HTTP and error-code-only error replies preserve a safe numeric status
ok 334 - HTTP and error-code-only error replies preserve a safe numeric status
  ---
  duration_ms: 171.736375
  type: 'test'
  ...
# Subtest: real thrown 524 is shown as timeout with MV trace and a single request
ok 335 - real thrown 524 is shown as timeout with MV trace and a single request
  ---
  duration_ms: 177.408147
  type: 'test'
  ...
# Subtest: successful first storyboard keeps configured max output, temperature, streaming choice and one request
ok 336 - successful first storyboard keeps configured max output, temperature, streaming choice and one request
  ---
  duration_ms: 201.503574
  type: 'test'
  ...
# Subtest: HTTP diagnostics permit only integer error statuses and never exception text
ok 337 - HTTP diagnostics permit only integer error statuses and never exception text
  ---
  duration_ms: 209.565743
  type: 'test'
  ...
# (node:308) ExperimentalWarning: VM Modules is an experimental feature and might change at any time
# (Use `node --trace-warnings ...` to show where the warning was created)
# Subtest: paid storyboard switch + quota preserves raw and old metadata; save-only retry is idempotent
ok 338 - paid storyboard switch + quota preserves raw and old metadata; save-only retry is idempotent
  ---
  duration_ms: 200.906344
  type: 'test'
  ...
# Subtest: revision drift journals paid result and survives a fresh runtime
not ok 339 - revision drift journals paid result and survives a fresh runtime
  ---
  duration_ms: 191.020131
  type: 'test'
  location: '/workspace/scratch/59771f6e8e39/hearttrace-mv-cutout-1.0.15/tokimemo-main/tools/verification/mv-update-regression.mjs:13:1'
  failureType: 'testCodeFailure'
  error: |-
    Expected values to be strictly equal:
    
    false !== true
    
  code: 'ERR_ASSERTION'
  name: 'AssertionError'
  expected: true
  actual: false
  operator: 'strictEqual'
  stack: |-
    TestContext.<anonymous> (file:///workspace/scratch/59771f6e8e39/hearttrace-mv-cutout-1.0.15/tokimemo-main/tools/verification/mv-update-regression.mjs:13:231)
    async Test.run (node:internal/test_runner/test:1389:7)
    async Test.processPendingSubtests (node:internal/test_runner/test:960:7)
  ...
# Subtest: song deletion and text changes cannot receive a late paid result
ok 340 - song deletion and text changes cannot receive a late paid result
  ---
  duration_ms: 349.638585
  type: 'test'
  ...
# Subtest: absent/silent local storage and rejected metadata never claim durable success
ok 341 - absent/silent local storage and rejected metadata never claim durable success
  ---
  duration_ms: 204.44174
  type: 'test'
  ...
# Subtest: malformed paid storyboard remains exportable with no automatic new request
ok 342 - malformed paid storyboard remains exportable with no automatic new request
  ---
  duration_ms: 196.030006
  type: 'test'
  ...
# Subtest: late generated frame never overwrites a newer manual image
ok 343 - late generated frame never overwrites a newer manual image
  ---
  duration_ms: 173.342268
  type: 'test'
  ...
# Subtest: late rewrite detects shot edits and keeps paid rewrite
ok 344 - late rewrite detects shot edits and keeps paid rewrite
  ---
  duration_ms: 183.973477
  type: 'test'
  ...
# Subtest: legacy reversed taps produce strictly positive non-overlapping SRT times
ok 345 - legacy reversed taps produce strictly positive non-overlapping SRT times
  ---
  duration_ms: 167.406401
  type: 'test'
  ...
# Subtest: frame cast is the exact intersection of shot people and appearance preference
not ok 346 - frame cast is the exact intersection of shot people and appearance preference
  ---
  duration_ms: 163.236597
  type: 'test'
  location: '/workspace/scratch/59771f6e8e39/hearttrace-mv-cutout-1.0.15/tokimemo-main/tools/verification/mv-update-regression.mjs:20:1'
  failureType: 'testCodeFailure'
  error: |-
    The input did not match the regular expression /no people/. Input:
    
    'vertical 9:16 composition, empty room, scenery, no humans'
    
  code: 'ERR_ASSERTION'
  name: 'AssertionError'
  expected:
  actual: 'vertical 9:16 composition, empty room, scenery, no humans'
  operator: 'match'
  stack: |-
    TestContext.<anonymous> (file:///workspace/scratch/59771f6e8e39/hearttrace-mv-cutout-1.0.15/tokimemo-main/tools/verification/mv-update-regression.mjs:20:585)
    async Test.run (node:internal/test_runner/test:1389:7)
    async Test.processPendingSubtests (node:internal/test_runner/test:960:7)
  ...
# Subtest: delayed audio restore cannot change another chat/song filename or duration
ok 347 - delayed audio restore cannot change another chat/song filename or duration
  ---
  duration_ms: 176.623962
  type: 'test'
  ...
# Subtest: audio with same song id is isolated by chat and late restore loses to manual upload
ok 348 - audio with same song id is isolated by chat and late restore loses to manual upload
  ---
  duration_ms: 195.636206
  type: 'test'
  ...
# Subtest: leaving MV while playing stops audio and never renders over another route
ok 349 - leaving MV while playing stops audio and never renders over another route
  ---
  duration_ms: 198.876902
  type: 'test'
  ...
# Subtest: record countdown is cancelled on exit and cannot play later
ok 350 - record countdown is cancelled on exit and cannot play later
  ---
  duration_ms: 240.030016
  type: 'test'
  ...
# Subtest: canvas subtitles preserve the entire lyric instead of clipping to 24 characters
ok 351 - canvas subtitles preserve the entire lyric instead of clipping to 24 characters
  ---
  duration_ms: 202.71303
  type: 'test'
  ...
# Subtest: public tap nudge cannot cross the next marked section
ok 352 - public tap nudge cannot cross the next marked section
  ---
  duration_ms: 186.491823
  type: 'test'
  ...
# Subtest: updater accepts same project SSH remote and reverse-proxy prefix with JSON/CSRF intact
ok 353 - updater accepts same project SSH remote and reverse-proxy prefix with JSON/CSRF intact
  ---
  duration_ms: 181.217997
  type: 'test'
  ...
# Subtest: updater independently verifies the resulting commit instead of trusting update response
ok 354 - updater independently verifies the resulting commit instead of trusting update response
  ---
  duration_ms: 185.899054
  type: 'test'
  ...
# Subtest: up-to-date branch makes no update POST and shows actual loaded build
ok 355 - up-to-date branch makes no update POST and shows actual loaded build
  ---
  duration_ms: 191.551842
  type: 'test'
  ...
# Subtest: wrong remote, ZIP, denied permissions and cross-origin path never pull code
ok 356 - wrong remote, ZIP, denied permissions and cross-origin path never pull code
  ---
  duration_ms: 202.603713
  type: 'test'
  ...
# Subtest: concurrent update clicks share a single update and release failed button
ok 357 - concurrent update clicks share a single update and release failed button
  ---
  duration_ms: 196.465434
  type: 'test'
  ...
# Subtest: song plan and storage retain song 81 and cumulative text beyond 1.2M
ok 358 - song plan and storage retain song 81 and cumulative text beyond 1.2M
  ---
  duration_ms: 295.37357
  type: 'test'
  ...
# Subtest: leaving during active export stops recorder, audio and tracks without redrawing another page
ok 359 - leaving during active export stops recorder, audio and tracks without redrawing another page
  ---
  duration_ms: 229.74325
  type: 'test'
  ...
# Subtest: export waits for local image blobs and cannot start after leaving during preload
ok 360 - export waits for local image blobs and cannot start after leaving during preload
  ---
  duration_ms: 251.588319
  type: 'test'
  ...
# Subtest: settings updater entry renders escaped complete running version independently of update status
ok 361 - settings updater entry renders escaped complete running version independently of update status
  ---
  duration_ms: 280.920348
  type: 'test'
  ...
# Subtest: normal paid frame saves once and survives metadata failure through confirmed local copy
ok 362 - normal paid frame saves once and survives metadata failure through confirmed local copy
  ---
  duration_ms: 565.982113
  type: 'test'
  ...
# Subtest: storyboard saves alongside newer audio duration/timing without reverting either
ok 363 - storyboard saves alongside newer audio duration/timing without reverting either
  ---
  duration_ms: 314.095032
  type: 'test'
  ...
# Subtest: MV backup includes old metadata-only records before the first local write
ok 364 - MV backup includes old metadata-only records before the first local write
  ---
  duration_ms: 263.1191
  type: 'test'
  ...
# Subtest: completed body + open draw ticket: settle without new body requests; repeated wake is idle
ok 365 - completed body + open draw ticket: settle without new body requests; repeated wake is idle
  ---
  duration_ms: 9.537916
  type: 'test'
  ...
# Subtest: settlement failure can be retried without rerunning completed body
ok 366 - settlement failure can be retried without rerunning completed body
  ---
  duration_ms: 1.307813
  type: 'test'
  ...
# Subtest: failed pending step on same floor remains resumable; saved steps never execute
ok 367 - failed pending step on same floor remains resumable; saved steps never execute
  ---
  duration_ms: 1.209905
  type: 'test'
  ...
# Subtest: every 1 floor, 4 floors with repeated wakeups -> exactly 4 bodies and no adjacent repeat in multi-candidate pool
ok 368 - every 1 floor, 4 floors with repeated wakeups -> exactly 4 bodies and no adjacent repeat in multi-candidate pool
  ---
  duration_ms: 4.237797
  type: 'test'
  ...
# Subtest: only one eligible module continues generating each floor (no added block)
ok 369 - only one eligible module continues generating each floor (no added block)
  ---
  duration_ms: 8.453345
  type: 'test'
  ...
# Subtest: completed ticket on next due floor does not consume or block the new draw
ok 370 - completed ticket on next due floor does not consume or block the new draw
  ---
  duration_ms: 0.905975
  type: 'test'
  ...
# Subtest: batch progress preserves page-only flag and displays a working save-only entry
ok 371 - batch progress preserves page-only flag and displays a working save-only entry
  ---
  duration_ms: 64.946221
  type: 'test'
  ...
# Subtest: successful paid segment survives storage failure; explicit save makes it durable with zero additional model calls
ok 372 - successful paid segment survives storage failure; explicit save makes it durable with zero additional model calls
  ---
  duration_ms: 7.532637
  type: 'test'
  ...
# Subtest: new batch reusing storage slot never counts previous batch successes as current saved successes
ok 373 - new batch reusing storage slot never counts previous batch successes as current saved successes
  ---
  duration_ms: 9.688787
  type: 'test'
  ...
# Subtest: manual save waits for a failed in-flight write, then performs its own save retry
ok 374 - manual save waits for a failed in-flight write, then performs its own save retry
  ---
  duration_ms: 2.295837
  type: 'test'
  ...
# Subtest: storage CAS conflicts still preserve page data and do not overwrite external data
ok 375 - storage CAS conflicts still preserve page data and do not overwrite external data
  ---
  duration_ms: 2.175403
  type: 'test'
  ...
# Subtest: finished result or parked old draft with failed storage still exposes save-only action
ok 376 - finished result or parked old draft with failed storage still exposes save-only action
  ---
  duration_ms: 10.74938
  type: 'test'
  ...
# Subtest: legacy songs remain readable, with optional cover absent and no data mutation on opening
ok 377 - legacy songs remain readable, with optional cover absent and no data mutation on opening
  ---
  duration_ms: 5.659703
  type: 'test'
  ...
# Subtest: cover apply/reopen/redraw/history touches only the selected cover, preserving lyrics and neighboring songs
ok 378 - cover apply/reopen/redraw/history touches only the selected cover, preserving lyrics and neighboring songs
  ---
  duration_ms: 4.276502
  type: 'test'
  ...
# Subtest: late cover cannot overwrite changed lyrics, another song, or another mode
ok 379 - late cover cannot overwrite changed lyrics, another song, or another mode
  ---
  duration_ms: 0.388631
  type: 'test'
  ...
# Subtest: newer redraw is preserved when an older image completion arrives late
ok 380 - newer redraw is preserved when an older image completion arrives late
  ---
  duration_ms: 0.622275
  type: 'test'
  ...
# Subtest: cover sidecar rejects remote / embedded / script / traversal paths using existing saved-image contract
ok 381 - cover sidecar rejects remote / embedded / script / traversal paths using existing saved-image contract
  ---
  duration_ms: 5.947037
  type: 'test'
  ...
# Subtest: concurrent new song commit keeps latest stored cover and still rejects text conflicts
ok 382 - concurrent new song commit keeps latest stored cover and still rejects text conflicts
  ---
  duration_ms: 1.890167
  type: 'test'
  ...
# Subtest: initial and reconceived album art prompts are cinematic fashion covers, not old generic 16:9 scene instructions
ok 383 - initial and reconceived album art prompts are cinematic fashion covers, not old generic 16:9 scene instructions
  ---
  duration_ms: 1.060373
  type: 'test'
  ...
# Subtest: read-only cover view displays saved art without edit buttons
ok 384 - read-only cover view displays saved art without edit buttons
  ---
  duration_ms: 1.325597
  type: 'test'
  ...
# Subtest: album concept preserves participant identities and existing appearance contract in both text formats
ok 385 - album concept preserves participant identities and existing appearance contract in both text formats
  ---
  duration_ms: 0.778705
  type: 'test'
  ...
# Subtest: manual album prompt remains editable and sendable with empty appearance; no new formatting gate
ok 386 - manual album prompt remains editable and sendable with empty appearance; no new formatting gate
  ---
  duration_ms: 0.984271
  type: 'test'
  ...
# Subtest: cover capture uses existing chat/revision identity and becomes stale on changed song content
ok 387 - cover capture uses existing chat/revision identity and becomes stale on changed song content
  ---
  duration_ms: 1.963411
  type: 'test'
  ...
# (node:328) ExperimentalWarning: VM Modules is an experimental feature and might change at any time
# (Use `node --trace-warnings ...` to show where the warning was created)
# Subtest: ordinary ledger is retained even when provider labels it memory and uses no timing keywords
ok 388 - ordinary ledger is retained even when provider labels it memory and uses no timing keywords
  ---
  duration_ms: 269.461976
  type: 'test'
  ...
# Subtest: all ordinary app kinds accept persona content without memory quotes or new mandatory fields
ok 389 - all ordinary app kinds accept persona content without memory quotes or new mandatory fields
  ---
  duration_ms: 235.293497
  type: 'test'
  ...
# Subtest: the final phone normalizer does not turn a validated ledger back into source excerpts
ok 390 - the final phone normalizer does not turn a validated ledger back into source excerpts
  ---
  duration_ms: 253.881705
  type: 'test'
  ...
# Subtest: actual joint history still needs evidence and is never downgraded into ordinary life
ok 391 - actual joint history still needs evidence and is never downgraded into ordinary life
  ---
  duration_ms: 266.822915
  type: 'test'
  ...
# Subtest: known contact can use name and a present note without a telephone or address
ok 392 - known contact can use name and a present note without a telephone or address
  ---
  duration_ms: 327.934172
  type: 'test'
  ...
# Subtest: unknown contacts and invented private fields remain rejected
ok 393 - unknown contacts and invented private fields remain rejected
  ---
  duration_ms: 237.069571
  type: 'test'
  ...
# Subtest: terminal prompt supplies contact identity and app-shaped records without UI disclaimers
ok 394 - terminal prompt supplies contact identity and app-shaped records without UI disclaimers
  ---
  duration_ms: 214.550404
  type: 'test'
  ...
# Subtest: old recap repair is offered without mutating or dropping saved rows
ok 395 - old recap repair is offered without mutating or dropping saved rows
  ---
  duration_ms: 182.486053
  type: 'test'
  ...
# Subtest: explicit repair requests only recap or missing slots and persists the successful replacement
ok 396 - explicit repair requests only recap or missing slots and persists the successful replacement
  ---
  duration_ms: 163.750085
  type: 'test'
  ...
# Subtest: repair errors and failed saves never mutate the previous session
ok 397 - repair errors and failed saves never mutate the previous session
  ---
  duration_ms: 171.249712
  type: 'test'
  ...
# Subtest: historical chat and contact records are not rewritten by the ordinary app repair
ok 398 - historical chat and contact records are not rewritten by the ordinary app repair
  ---
  duration_ms: 158.241267
  type: 'test'
  ...
# Subtest: app lists expose ledger fields and named contact cards, escaping model text
ok 399 - app lists expose ledger fields and named contact cards, escaping model text
  ---
  duration_ms: 165.559482
  type: 'test'
  ...
# Subtest: legacy recap labels are absent in list and detail while source data remains unchanged
ok 400 - legacy recap labels are absent in list and detail while source data remains unchanged
  ---
  duration_ms: 208.380562
  type: 'test'
  ...
# Subtest: empty app has a working generation action and read-only app has no paid action
ok 401 - empty app has a working generation action and read-only app has no paid action
  ---
  duration_ms: 154.258333
  type: 'test'
  ...
# Subtest: new expression direction is available manually, recommended by fit, and does not force unrelated songs
ok 402 - new expression direction is available manually, recommended by fit, and does not force unrelated songs
  ---
  duration_ms: 178.747742
  type: 'test'
  ...
# Subtest: expression storyboard uses the existing one-request schema, saves type, and reuses assets
ok 403 - expression storyboard uses the existing one-request schema, saves type, and reuses assets
  ---
  duration_ms: 214.710481
  type: 'test'
  ...
# Subtest: expression selector remains reachable for existing storyboards without requesting generation
ok 404 - expression selector remains reachable for existing storyboards without requesting generation
  ---
  duration_ms: 219.019636
  type: 'test'
  ...
# Subtest: MV shortcut is above composer, song list and cover, keeps the selected song ID and sends no requests
ok 405 - MV shortcut is above composer, song list and cover, keeps the selected song ID and sends no requests
  ---
  duration_ms: 256.248913
  type: 'test'
  ...
# Subtest: MV shortcut stays hidden for incomplete, absent or read-only songs
ok 406 - MV shortcut stays hidden for incomplete, absent or read-only songs
  ---
  duration_ms: 175.304391
  type: 'test'
  ...
# Subtest: a completely empty legacy app can be filled instead of exposing a no-op button
ok 407 - a completely empty legacy app can be filled instead of exposing a no-op button
  ---
  duration_ms: 194.364084
  type: 'test'
  ...
# Subtest: unusable replacement is not presented as a completed recap repair
ok 408 - unusable replacement is not presented as a completed recap repair
  ---
  duration_ms: 232.584825
  type: 'test'
  ...
# Subtest: saved terminal directory continuation preserves completed apps and requests the pending app only
ok 409 - saved terminal directory continuation preserves completed apps and requests the pending app only
  ---
  duration_ms: 202.01898
  type: 'test'
  ...
# Subtest: one bad contact never hides a valid sibling, and malformed optional fields do not throw a TypeError
ok 410 - one bad contact never hides a valid sibling, and malformed optional fields do not throw a TypeError
  ---
  duration_ms: 278.625733
  type: 'test'
  ...
# Subtest: new top MV button opens the selected song through the existing event handler without generating
ok 411 - new top MV button opens the selected song through the existing event handler without generating
  ---
  duration_ms: 295.079691
  type: 'test'
  ...
# (node:336) ExperimentalWarning: VM Modules is an experimental feature and might change at any time
# (Use `node --trace-warnings ...` to show where the warning was created)
# Subtest: song prompt guides singability, a recurring hook and audible arrangement without a fixed style
ok 412 - song prompt guides singability, a recurring hook and audible arrangement without a fixed style
  ---
  duration_ms: 229.236761
  type: 'test'
  ...
# Subtest: musical direction has explicit creative priority but remains JSON data with output boundaries
ok 413 - musical direction has explicit creative priority but remains JSON data with output boundaries
  ---
  duration_ms: 240.848182
  type: 'test'
  ...
# Subtest: all existing language and voice choices retain their plan, singer and prompt fields
ok 414 - all existing language and voice choices retain their plan, singer and prompt fields
  ---
  duration_ms: 257.223833
  type: 'test'
  ...
# Subtest: new songwriting guidance keeps minimal valid lyrics, missing BPM and previous output schema valid
ok 415 - new songwriting guidance keeps minimal valid lyrics, missing BPM and previous output schema valid
  ---
  duration_ms: 280.210032
  type: 'test'
  ...
# Subtest: new song generation uses one existing provider request and preserves prior song content
ok 416 - new song generation uses one existing provider request and preserves prior song content
  ---
  duration_ms: 333.807812
  type: 'test'
  ...
# Subtest: event songs preserve the selected factual source and remain fiction
ok 417 - event songs preserve the selected factual source and remain fiction
  ---
  duration_ms: 234.912662
  type: 'test'
  ...
1..417
# tests 417
# suites 0
# pass 414
# fail 3
# cancelled 0
# skipped 0
# todo 0
# duration_ms 35710.784589
