TAP version 13
# Subtest: new custom questionnaire is conveyed intact as the creative request, not discarded as untrusted commands
ok 1 - new custom questionnaire is conveyed intact as the creative request, not discarded as untrusted commands
  ---
  duration_ms: 2.574895
  type: 'test'
  ...
# Subtest: archived plot context accompanies the request without mutating the archive
ok 2 - archived plot context accompanies the request without mutating the archive
  ---
  duration_ms: 0.569319
  type: 'test'
  ...
# Subtest: new story does not receive an unrelated prior story as its continuation
ok 3 - new story does not receive an unrelated prior story as its continuation
  ---
  duration_ms: 1.887434
  type: 'test'
  ...
# Subtest: empty request remains optional and keeps a normal story default
ok 4 - empty request remains optional and keeps a normal story default
  ---
  duration_ms: 0.53705
  type: 'test'
  ...
# Subtest: continue without a request includes all existing chapters and advances only one chapter
ok 5 - continue without a request includes all existing chapters and advances only one chapter
  ---
  duration_ms: 3.565776
  type: 'test'
  ...
# Subtest: custom continuation carries both the current direction and the exact original story
ok 6 - custom continuation carries both the current direction and the exact original story
  ---
  duration_ms: 0.745774
  type: 'test'
  ...
# Subtest: questionnaire, list and letter bodies are accepted without a narrative-only validator
ok 7 - questionnaire, list and letter bodies are accepted without a narrative-only validator
  ---
  duration_ms: 1.463761
  type: 'test'
  ...
# Subtest: continuation appends and preserves old chapter bytes, title, premise and other stories
ok 8 - continuation appends and preserves old chapter bytes, title, premise and other stories
  ---
  duration_ms: 0.86945
  type: 'test'
  ...
# Subtest: long requirements retain their last instruction, with no new length gate or truncation
ok 9 - long requirements retain their last instruction, with no new length gate or truncation
  ---
  duration_ms: 21.384005
  type: 'test'
  ...
# Subtest: new plans keep a recoverable prompt revision, preserving the direction across JSON round trips
ok 10 - new plans keep a recoverable prompt revision, preserving the direction across JSON round trips
  ---
  duration_ms: 7.088336
  type: 'test'
  ...
# Subtest: legacy new and continuation plans reproduce the exact previous prompt bytes
ok 11 - legacy new and continuation plans reproduce the exact previous prompt bytes
  ---
  duration_ms: 6.116296
  type: 'test'
  ...
# Subtest: requirements remain JSON-encoded; reference commands do not become creative instructions
ok 12 - requirements remain JSON-encoded; reference commands do not become creative instructions
  ---
  duration_ms: 0.658632
  type: 'test'
  ...
# Subtest: the composed outgoing request keeps the custom requirement, archive and controlled character context
ok 13 - the composed outgoing request keeps the custom requirement, archive and controlled character context
  ---
  duration_ms: 37.325003
  type: 'test'
  ...
# Subtest: UI explains one optional input for both new work and continuation; both actions remain available
ok 14 - UI explains one optional input for both new work and continuation; both actions remain available
  ---
  duration_ms: 5.514294
  type: 'test'
  ...
# Subtest: read-only UI retains the reader and hides generation actions
ok 15 - read-only UI retains the reader and hides generation actions
  ---
  duration_ms: 0.973857
  type: 'test'
  ...
# Subtest: plain-text rendering escapes executable markup in questionnaire answers
ok 16 - plain-text rendering escapes executable markup in questionnaire answers
  ---
  duration_ms: 1.259935
  type: 'test'
  ...
# Subtest: generation still uses one validated segment, the original settings and the supplied context envelope
ok 17 - generation still uses one validated segment, the original settings and the supplied context envelope
  ---
  duration_ms: 1.115577
  type: 'test'
  ...
# Subtest: invalid target still fails before generation; existing story stays unchanged
ok 18 - invalid target still fails before generation; existing story stays unchanged
  ---
  duration_ms: 1.974263
  type: 'test'
  ...
# Subtest: explicit new/next-chapter actions send the current input without selecting an unrelated pending task
ok 19 - explicit new/next-chapter actions send the current input without selecting an unrelated pending task
  ---
  duration_ms: 1.48482
  type: 'test'
  ...
# [HeartbeatMemories] input token count unavailable; proceeding without an estimated hard cutoff { name: 'Error' }
# (node:14) ExperimentalWarning: VM Modules is an experimental feature and might change at any time
# (Use `node --trace-warnings ...` to show where the warning was created)
# Subtest: all production module exports initialize
ok 20 - all production module exports initialize
  ---
  duration_ms: 134.893111
  type: 'test'
  ...
# Subtest: input user budget preserves positive integers; actual tokens decide instead of chars
ok 21 - input user budget preserves positive integers; actual tokens decide instead of chars
  ---
  duration_ms: 141.844387
  type: 'test'
  ...
# Subtest: JSON and profile streaming preserve responses beyond 600k chars and 4MB
ok 22 - JSON and profile streaming preserve responses beyond 600k chars and 4MB
  ---
  duration_ms: 169.040929
  type: 'test'
  ...
# Subtest: cumulative drama and extras retain every existing record past former caps
ok 23 - cumulative drama and extras retain every existing record past former caps
  ---
  duration_ms: 148.698483
  type: 'test'
  ...
# Subtest: CG incremental generation retains paid item 241 and matching coverage
ok 24 - CG incremental generation retains paid item 241 and matching coverage
  ---
  duration_ms: 149.840159
  type: 'test'
  ...
# Subtest: real waiting request pipeline holds revision drift and does not commit stale output
ok 25 - real waiting request pipeline holds revision drift and does not commit stale output
  ---
  duration_ms: 152.315444
  type: 'test'
  ...
# Subtest: switch + quota failure retains paid output; save-only retry restores old and new without another request
ok 26 - switch + quota failure retains paid output; save-only retry restores old and new without another request
  ---
  duration_ms: 166.778427
  type: 'test'
  ...
# Subtest: missing or silent localStorage never reports durable save; rejection handled and export available
ok 27 - missing or silent localStorage never reports durable save; rejection handled and export available
  ---
  duration_ms: 206.185222
  type: 'test'
  ...
# Subtest: durable pending journal survives runtime reload and requires original revision
ok 28 - durable pending journal survives runtime reload and requires original revision
  ---
  duration_ms: 459.228792
  type: 'test'
  ...
# Subtest: invalid paid body remains exportable rather than triggering another request
ok 29 - invalid paid body remains exportable rather than triggering another request
  ---
  duration_ms: 153.10037
  type: 'test'
  ...
# Subtest: real intel request saves normally and releases running state
ok 30 - real intel request saves normally and releases running state
  ---
  duration_ms: 153.56165
  type: 'test'
  ...
# Subtest: manual JSON and SSE transport retain >4MB while preserving requested output budget
ok 31 - manual JSON and SSE transport retain >4MB while preserving requested output budget
  ---
  duration_ms: 447.160522
  type: 'test'
  ...
# Subtest: archive deletion and character switch never write held results into the new target
ok 32 - archive deletion and character switch never write held results into the new target
  ---
  duration_ms: 170.877767
  type: 'test'
  ...
# Subtest: confirmed local results remain recoverable despite rejected metadata persistence
ok 33 - confirmed local results remain recoverable despite rejected metadata persistence
  ---
  duration_ms: 324.156101
  type: 'test'
  ...
# Subtest: HTTP/LAN hosts without crypto.randomUUID can retain paid results with distinct ids
ok 34 - HTTP/LAN hosts without crypto.randomUUID can retain paid results with distinct ids
  ---
  duration_ms: 173.276594
  type: 'test'
  ...
# (node:15) ExperimentalWarning: VM Modules is an experimental feature and might change at any time
# (Use `node --trace-warnings ...` to show where the warning was created)
# Subtest: uniform 255 character matte is removed automatically, enclosed white clothing remains
ok 35 - uniform 255 character matte is removed automatically, enclosed white clothing remains
  ---
  duration_ms: 163.029546
  type: 'test'
  ...
# Subtest: uniform 235 character matte is removed automatically, enclosed white clothing remains
ok 36 - uniform 235 character matte is removed automatically, enclosed white clothing remains
  ---
  duration_ms: 165.017493
  type: 'test'
  ...
# Subtest: uniform 205 character matte is removed automatically, enclosed white clothing remains
ok 37 - uniform 205 character matte is removed automatically, enclosed white clothing remains
  ---
  duration_ms: 215.714056
  type: 'test'
  ...
# Subtest: genuine transparency needs no user-confirmed edit flag
ok 38 - genuine transparency needs no user-confirmed edit flag
  ---
  duration_ms: 154.274397
  type: 'test'
  ...
# Subtest: blank images, scenic rectangles, and stacked cells are not called clean cutouts
ok 39 - blank images, scenic rectangles, and stacked cells are not called clean cutouts
  ---
  duration_ms: 258.121337
  type: 'test'
  ...
# Subtest: new shared backgrounds use generated images, even if the model returns a local pattern
ok 40 - new shared backgrounds use generated images, even if the model returns a local pattern
  ---
  duration_ms: 162.149606
  type: 'test'
  ...
# Subtest: previous procedural art can be replaced with one image without regenerating the storyboard
ok 41 - previous procedural art can be replaced with one image without regenerating the storyboard
  ---
  duration_ms: 345.274986
  type: 'test'
  ...
# Subtest: unfinished image backgrounds are not counted as completed layered clips
ok 42 - unfinished image backgrounds are not counted as completed layered clips
  ---
  duration_ms: 147.48744
  type: 'test'
  ...
# (node:21) ExperimentalWarning: VM Modules is an experimental feature and might change at any time
# (Use `node --trace-warnings ...` to show where the warning was created)
# Subtest: song recommendations rank lyrical, impact, interaction, loop and reveal from meaningful evidence
ok 43 - song recommendations rank lyrical, impact, interaction, loop and reveal from meaningful evidence
  ---
  duration_ms: 154.748201
  type: 'test'
  ...
# Subtest: three selected NPCs are kept independently of user visibility; one frame uses only its two named actors
ok 44 - three selected NPCs are kept independently of user visibility; one frame uses only its two named actors
  ---
  duration_ms: 182.110172
  type: 'test'
  ...
# Subtest: worldbook cast source is supplied once, with stable person bindings and no card-as-person instruction
ok 45 - worldbook cast source is supplied once, with stable person bindings and no card-as-person instruction
  ---
  duration_ms: 219.96866
  type: 'test'
  ...
# Subtest: opening recommendation controls and editing type never calls text/image providers
ok 46 - opening recommendation controls and editing type never calls text/image providers
  ---
  duration_ms: 165.645683
  type: 'test'
  ...
# Subtest: storyboard JSON examples use real participant IDs in both image and video modes
ok 47 - storyboard JSON examples use real participant IDs in both image and video modes
  ---
  duration_ms: 415.404197
  type: 'test'
  ...
# Subtest: same-name NPCs retain separate identity, appearance and provider labels without renaming saved people
ok 48 - same-name NPCs retain separate identity, appearance and provider labels without renaming saved people
  ---
  duration_ms: 367.978767
  type: 'test'
  ...
# Subtest: user visibility filters only explicit user identity, never NPCs sharing the persona name
ok 49 - user visibility filters only explicit user identity, never NPCs sharing the persona name
  ---
  duration_ms: 183.179662
  type: 'test'
  ...
# Subtest: explicit empty cast stays an empty landscape; missing cast remains repairable, not a generation gate
ok 50 - explicit empty cast stays an empty landscape; missing cast remains repairable, not a generation gate
  ---
  duration_ms: 179.205998
  type: 'test'
  ...
# Subtest: model name fallback binds only a unique name and unknown IDs warn without dropping valid cast
ok 51 - model name fallback binds only a unique name and unknown IDs warn without dropping valid cast
  ---
  duration_ms: 153.490697
  type: 'test'
  ...
# Subtest: one person can keep multiple worldbook sources and deselection preserves paid old-shot identities
ok 52 - one person can keep multiple worldbook sources and deselection preserves paid old-shot identities
  ---
  duration_ms: 190.591374
  type: 'test'
  ...
# Subtest: no new actor count cap: 24 identities and appearances survive multi-character and flat provider preparation
ok 53 - no new actor count cap: 24 identities and appearances survive multi-character and flat provider preparation
  ---
  duration_ms: 191.167993
  type: 'test'
  ...
# Subtest: hands-only framing does not append face, hair, wardrobe or full-body framing
ok 54 - hands-only framing does not append face, hair, wardrobe or full-body framing
  ---
  duration_ms: 217.391272
  type: 'test'
  ...
# Subtest: missing appearance is allowed; generated appearance cannot overwrite manual facts or create strangers
ok 55 - missing appearance is allowed; generated appearance cannot overwrite manual facts or create strangers
  ---
  duration_ms: 211.559725
  type: 'test'
  ...
# Subtest: song-owned cast and type survive reload and stay isolated from another song and chat
ok 56 - song-owned cast and type survive reload and stay isolated from another song and chat
  ---
  duration_ms: 452.580841
  type: 'test'
  ...
# Subtest: continuation freezes per-song cast despite archive edits, keeps images and clothing, and adds only missing sections
ok 57 - continuation freezes per-song cast despite archive edits, keeps images and clothing, and adds only missing sections
  ---
  duration_ms: 199.001534
  type: 'test'
  ...
# Subtest: editing cast during a paid request holds its response for save-only retry instead of overwriting the edit
ok 58 - editing cast during a paid request holds its response for save-only retry instead of overwriting the edit
  ---
  duration_ms: 213.916564
  type: 'test'
  ...
# Subtest: chat switch journals new cast response and fresh-runtime save-only recovery preserves IDs
ok 59 - chat switch journals new cast response and fresh-runtime save-only recovery preserves IDs
  ---
  duration_ms: 455.559011
  type: 'test'
  ...
# Subtest: draw failure sends no automatic extra request and preserves an already-paid asset
ok 60 - draw failure sends no automatic extra request and preserves an already-paid asset
  ---
  duration_ms: 277.969536
  type: 'test'
  ...
# Subtest: draw delivers scene and matched appearance metadata without duplicating lorebook bodies in image prompt
ok 61 - draw delivers scene and matched appearance metadata without duplicating lorebook bodies in image prompt
  ---
  duration_ms: 213.408815
  type: 'test'
  ...
# Subtest: manual shot binding keeps assets and edits all reused frames of that composition
ok 62 - manual shot binding keeps assets and edits all reused frames of that composition
  ---
  duration_ms: 246.186439
  type: 'test'
  ...
# Subtest: cast editor uses song-only snapshot, and late picker confirmation after chat switch is rejected
ok 63 - cast editor uses song-only snapshot, and late picker confirmation after chat switch is rejected
  ---
  duration_ms: 342.642516
  type: 'test'
  ...
# Subtest: stale picker cannot overwrite newer per-song appearance edits
ok 64 - stale picker cannot overwrite newer per-song appearance edits
  ---
  duration_ms: 236.28833
  type: 'test'
  ...
# Subtest: persona is added only explicitly and adding it twice never duplicates or reclassifies an NPC
ok 65 - persona is added only explicitly and adding it twice never duplicates or reclassifies an NPC
  ---
  duration_ms: 223.767264
  type: 'test'
  ...
# Subtest: loop reuses paid asset keys and fractional short-shot weights survive timeline building
ok 66 - loop reuses paid asset keys and fractional short-shot weights survive timeline building
  ---
  duration_ms: 213.346825
  type: 'test'
  ...
# Subtest: manual nonrecommended type is accepted and malformed recommendation metadata never becomes a gate
ok 67 - manual nonrecommended type is accepted and malformed recommendation metadata never becomes a gate
  ---
  duration_ms: 208.509682
  type: 'test'
  ...
# Subtest: UI escapes names, IDs and actions, and keeps all style options selectable without percentages
ok 68 - UI escapes names, IDs and actions, and keeps all style options selectable without percentages
  ---
  duration_ms: 219.832908
  type: 'test'
  ...
# Subtest: real public image adapter forwards names and looks to character and flat backends without changing user settings
ok 69 - real public image adapter forwards names and looks to character and flat backends without changing user settings
  ---
  duration_ms: 508.909062
  type: 'test'
  ...
# Subtest: back-only persona setting still permits hand and silhouette crops
ok 70 - back-only persona setting still permits hand and silhouette crops
  ---
  duration_ms: 245.222935
  type: 'test'
  ...
# Subtest: empty scene cannot inherit full-body framing from a model group default
ok 71 - empty scene cannot inherit full-body framing from a model group default
  ---
  duration_ms: 229.948708
  type: 'test'
  ...
# Subtest: legacy grouped-frame replies inherit their cast without additional schema rejection
ok 72 - legacy grouped-frame replies inherit their cast without additional schema rejection
  ---
  duration_ms: 232.323328
  type: 'test'
  ...
# Subtest: a delayed continuation never overwrites per-person wardrobe edited while it was running
ok 73 - a delayed continuation never overwrites per-person wardrobe edited while it was running
  ---
  duration_ms: 383.555083
  type: 'test'
  ...
# Subtest: record UI type, appearance and outfit edits are song-local and keep existing assets
ok 74 - record UI type, appearance and outfit edits are song-local and keep existing assets
  ---
  duration_ms: 258.927488
  type: 'test'
  ...
# (node:49) ExperimentalWarning: VM Modules is an experimental feature and might change at any time
# (Use `node --trace-warnings ...` to show where the warning was created)
# Subtest: interior arm matte is cleared while the central white garment, eyes and original stay intact
ok 75 - interior arm matte is cleared while the central white garment, eyes and original stay intact
  ---
  duration_ms: 276.944809
  type: 'test'
  ...
# Subtest: explicit cleanup continues an old transparent edit, is repeatable, and never rekeys playback alpha
ok 76 - explicit cleanup continues an old transparent edit, is repeatable, and never rekeys playback alpha
  ---
  duration_ms: 309.319871
  type: 'test'
  ...
# Subtest: point removal affects only the chosen connected region and can be undone before PNG save
ok 77 - point removal affects only the chosen connected region and can be undone before PNG save
  ---
  duration_ms: 326.596109
  type: 'test'
  ...
# Subtest: full: transparent padding does not change visible scale or floor
ok 78 - full: transparent padding does not change visible scale or floor
  ---
  duration_ms: 170.778975
  type: 'test'
  ...
# Subtest: wide: transparent padding does not change visible scale or floor
ok 79 - wide: transparent padding does not change visible scale or floor
  ---
  duration_ms: 181.449545
  type: 'test'
  ...
# Subtest: medium: transparent padding does not change visible scale or floor
ok 80 - medium: transparent padding does not change visible scale or floor
  ---
  duration_ms: 164.250646
  type: 'test'
  ...
# Subtest: only deliberate local closeups become full-frame inserts
ok 81 - only deliberate local closeups become full-frame inserts
  ---
  duration_ms: 219.640501
  type: 'test'
  ...
# Subtest: an oval eye insert fills the frame and keeps its caption above the picture
ok 82 - an oval eye insert fills the frame and keeps its caption above the picture
  ---
  duration_ms: 342.932768
  type: 'test'
  ...
# Subtest: side captions split once at word boundaries and stay outside the actor in dark scenes
ok 83 - side captions split once at word boundaries and stay outside the actor in dark scenes
  ---
  duration_ms: 187.099321
  type: 'test'
  ...
# Subtest: side captions shrink to keep ordinary English words whole
ok 84 - side captions shrink to keep ordinary English words whole
  ---
  duration_ms: 181.781205
  type: 'test'
  ...
# Subtest: crowded 960x540 captions use one complete front lane without clipping
ok 85 - crowded 960x540 captions use one complete front lane without clipping
  ---
  duration_ms: 208.549384
  type: 'test'
  ...
# Subtest: crowded 540x960 captions use one complete front lane without clipping
ok 86 - crowded 540x960 captions use one complete front lane without clipping
  ---
  duration_ms: 204.291637
  type: 'test'
  ...
# Subtest: a crowded keyword never lands on the complete lyric and a fade renders only current captions
ok 87 - a crowded keyword never lands on the complete lyric and a fade renders only current captions
  ---
  duration_ms: 336.161732
  type: 'test'
  ...
# Subtest: punctuation differences do not add a second copy of a complete stage lyric
ok 88 - punctuation differences do not add a second copy of a complete stage lyric
  ---
  duration_ms: 315.745156
  type: 'test'
  ...
# Subtest: seven songs start folded, every song remains reachable, and actions follow the selected song
ok 89 - seven songs start folded, every song remains reachable, and actions follow the selected song
  ---
  duration_ms: 186.239916
  type: 'test'
  ...
# (node:65) ExperimentalWarning: VM Modules is an experimental feature and might change at any time
# (Use `node --trace-warnings ...` to show where the warning was created)
# Subtest: 1–4 completed then full range appends 5–8 and preserves paid assets, settings and timing
ok 90 - 1–4 completed then full range appends 5–8 and preserves paid assets, settings and timing
  ---
  duration_ms: 160.431522
  type: 'test'
  ...
# Subtest: export defaults to completed 1–4 and remains independent when making full song
ok 91 - export defaults to completed 1–4 and remains independent when making full song
  ---
  duration_ms: 131.958043
  type: 'test'
  ...
# Subtest: continuation only supplies missing global section indexes and existing wardrobe to the request
ok 92 - continuation only supplies missing global section indexes and existing wardrobe to the request
  ---
  duration_ms: 144.571422
  type: 'test'
  ...
# Subtest: no missing sections makes no paid request; duplicate clicks share the existing story lock
ok 93 - no missing sections makes no paid request; duplicate clicks share the existing story lock
  ---
  duration_ms: 160.826219
  type: 'test'
  ...
# Subtest: a short model reply can be continued again without losing either completed batch
ok 94 - a short model reply can be continued again without losing either completed batch
  ---
  duration_ms: 183.412905
  type: 'test'
  ...
# Subtest: append merges concurrent drawing, timing, wardrobe, export and range edits
ok 95 - append merges concurrent drawing, timing, wardrobe, export and range edits
  ---
  duration_ms: 160.530681
  type: 'test'
  ...
# Subtest: regeneration while append is running holds paid append instead of overwriting the replacement
ok 96 - regeneration while append is running holds paid append instead of overwriting the replacement
  ---
  duration_ms: 176.561041
  type: 'test'
  ...
# Subtest: switching chat journals append; fresh runtime can save it once without another request
ok 97 - switching chat journals append; fresh runtime can save it once without another request
  ---
  duration_ms: 330.861691
  type: 'test'
  ...
# Subtest: request failure and malformed/out-of-range paid results keep all existing images
ok 98 - request failure and malformed/out-of-range paid results keep all existing images
  ---
  duration_ms: 471.394083
  type: 'test'
  ...
# Subtest: legacy shots accept new v2 continuation while preserving existing local images
ok 99 - legacy shots accept new v2 continuation while preserving existing local images
  ---
  duration_ms: 200.320639
  type: 'test'
  ...
# Subtest: legacy flat model reply can append to v2 without making new shots undrawable
ok 100 - legacy flat model reply can append to v2 without making new shots undrawable
  ---
  duration_ms: 171.09213
  type: 'test'
  ...
# Subtest: normalization retains more than 8 groups, 5 diffs and 2 backgrounds without remapping to first
ok 101 - normalization retains more than 8 groups, 5 diffs and 2 backgrounds without remapping to first
  ---
  duration_ms: 163.248831
  type: 'test'
  ...
# Subtest: range generation no longer treats a stretched previous shot as part of an empty section
ok 102 - range generation no longer treats a stretched previous shot as part of an empty section
  ---
  duration_ms: 154.134042
  type: 'test'
  ...
# Subtest: completed clips exclude holes, undrawn diffs and missing cutout backgrounds; optional motif is not a gate
ok 103 - completed clips exclude holes, undrawn diffs and missing cutout backgrounds; optional motif is not a gate
  ---
  duration_ms: 168.822805
  type: 'test'
  ...
# Subtest: custom partial export uses section times, supports reverse selection, and keeps source data untouched
ok 104 - custom partial export uses section times, supports reverse selection, and keeps source data untouched
  ---
  duration_ms: 186.062481
  type: 'test'
  ...
# Subtest: manual full/unfinished export is still available and export choice survives save/reload
ok 105 - manual full/unfinished export is still available and export choice survives save/reload
  ---
  duration_ms: 383.399664
  type: 'test'
  ...
# Subtest: v2 UI displays continuation, invokes it once, and renders both saved and appended groups
ok 106 - v2 UI displays continuation, invokes it once, and renders both saved and appended groups
  ---
  duration_ms: 216.746918
  type: 'test'
  ...
# Subtest: export UI selects a completed clip independently of generation range and offers later clips separately
ok 107 - export UI selects a completed clip independently of generation range and offers later clips separately
  ---
  duration_ms: 214.649989
  type: 'test'
  ...
# Subtest: audio export seeks selected start, omits broken out-of-range image and stops at selected end
ok 108 - audio export seeks selected start, omits broken out-of-range image and stops at selected end
  ---
  duration_ms: 209.039751
  type: 'test'
  ...
# Subtest: silent export uses the same chosen clip length instead of the whole song
ok 109 - silent export uses the same chosen clip length instead of the whole song
  ---
  duration_ms: 207.922664
  type: 'test'
  ...
# Subtest: selected unavailable image reports export failure, and explicit stop releases recorder resources
ok 110 - selected unavailable image reports export failure, and explicit stop releases recorder resources
  ---
  duration_ms: 212.30522
  type: 'test'
  ...
# Subtest: recording fallback seeks and stops at its separately selected clip
ok 111 - recording fallback seeks and stops at its separately selected clip
  ---
  duration_ms: 207.961029
  type: 'test'
  ...
# Subtest: storage outage retains the paid append and save-only retry is idempotent without another generation
ok 112 - storage outage retains the paid append and save-only retry is idempotent without another generation
  ---
  duration_ms: 222.350022
  type: 'test'
  ...
# Subtest: paid asset finishing after append still saves to the original group
ok 113 - paid asset finishing after append still saves to the original group
  ---
  duration_ms: 216.596897
  type: 'test'
  ...
# Subtest: export progress starts at zero and measures only the chosen duration
ok 114 - export progress starts at zero and measures only the chosen duration
  ---
  duration_ms: 243.166323
  type: 'test'
  ...
# Subtest: leaving during audio metadata wait cannot restart a cancelled export
ok 115 - leaving during audio metadata wait cannot restart a cancelled export
  ---
  duration_ms: 244.471551
  type: 'test'
  ...
# Subtest: a verse-only export does not preload a motif that is only rendered in the chorus
not ok 116 - a verse-only export does not preload a motif that is only rendered in the chorus
  ---
  duration_ms: 240.976011
  type: 'test'
  location: '/workspace/scratch/59771f6e8e39/hearttrace-song-composite-1.0.16/tokimemo-main/tools/verification/mv-continuation-regression.mjs:140:1'
  failureType: 'testCodeFailure'
  error: |-
    The expression evaluated to a falsy value:
    
      assert.ok(!f.loaded.some(s=>s.includes('bad-chorus-only')))
    
  code: 'ERR_ASSERTION'
  name: 'AssertionError'
  expected: true
  actual: false
  operator: '=='
  stack: |-
    TestContext.<anonymous> (file:///workspace/scratch/59771f6e8e39/hearttrace-song-composite-1.0.16/tokimemo-main/tools/verification/mv-continuation-regression.mjs:141:293)
    async Test.run (node:internal/test_runner/test:1389:7)
    async Test.processPendingSubtests (node:internal/test_runner/test:960:7)
  ...
# Subtest: clipping preserves original first-shot timing and beat/lyric boundaries instead of recalculating from zero
ok 117 - clipping preserves original first-shot timing and beat/lyric boundaries instead of recalculating from zero
  ---
  duration_ms: 215.712531
  type: 'test'
  ...
# (node:77) ExperimentalWarning: VM Modules is an experimental feature and might change at any time
# (Use `node --trace-warnings ...` to show where the warning was created)
# Subtest: one-click cutout opens directly on a transparent PNG draft and preserves original on save
ok 118 - one-click cutout opens directly on a transparent PNG draft and preserves original on save
  ---
  duration_ms: 234.367336
  type: 'test'
  ...
# Subtest: one-click cutout undo and cancel keep the paid source and do not save a mask
ok 119 - one-click cutout undo and cancel keep the paid source and do not save a mask
  ---
  duration_ms: 224.078771
  type: 'test'
  ...
# Subtest: explicit cutout removes panel outside white only and never describes it as recovered character
ok 120 - explicit cutout removes panel outside white only and never describes it as recovered character
  ---
  duration_ms: 213.038727
  type: 'test'
  ...
# Subtest: complex and empty backgrounds produce no destructive saved image
ok 121 - complex and empty backgrounds produce no destructive saved image
  ---
  duration_ms: 369.906611
  type: 'test'
  ...
# Subtest: preview trims a rectangular panel border but never zooms into a full-body transparent figure
ok 122 - preview trims a rectangular panel border but never zooms into a full-body transparent figure
  ---
  duration_ms: 438.683149
  type: 'test'
  ...
# Subtest: character, group background, motif, and inspector use the selected frame shape and provide cutout action
ok 123 - character, group background, motif, and inspector use the selected frame shape and provide cutout action
  ---
  duration_ms: 153.439238
  type: 'test'
  ...
# Subtest: real board thumbnail excludes picture padding without changing persisted image, shots or timing
ok 124 - real board thumbnail excludes picture padding without changing persisted image, shots or timing
  ---
  duration_ms: 360.221302
  type: 'test'
  ...
# Subtest: one-click never guesses a cell from a multi-panel sprite sheet
ok 125 - one-click never guesses a cell from a multi-panel sprite sheet
  ---
  duration_ms: 181.229128
  type: 'test'
  ...
# (node:97) ExperimentalWarning: VM Modules is an experimental feature and might change at any time
# (Use `node --trace-warnings ...` to show where the warning was created)
# Subtest: automatically prepared character can be downloaded directly while a prompt-only save keeps the source
ok 126 - automatically prepared character can be downloaded directly while a prompt-only save keeps the source
  ---
  duration_ms: 180.674526
  type: 'test'
  ...
# Subtest: editor selects the third of four panels before processing; saved PNG contains only blue pixels
ok 127 - editor selects the third of four panels before processing; saved PNG contains only blue pixels
  ---
  duration_ms: 166.300334
  type: 'test'
  ...
# Subtest: native editor erase, restore, undo and saved transparent PNG preserve original reference
ok 128 - native editor erase, restore, undo and saved transparent PNG preserve original reference
  ---
  duration_ms: 198.17062
  type: 'test'
  ...
# Subtest: free selection uses pointer coordinates after zoom and preserves a prompt-only draft on cancel
ok 129 - free selection uses pointer coordinates after zoom and preserves a prompt-only draft on cancel
  ---
  duration_ms: 158.133677
  type: 'test'
  ...
# Subtest: prompt-only save needs no image; reset returns the default without requesting a new image
ok 130 - prompt-only save needs no image; reset returns the default without requesting a new image
  ---
  duration_ms: 157.141966
  type: 'test'
  ...
# Subtest: transparent PNG import keeps its alpha and provides its own original for persistent storage
ok 131 - transparent PNG import keeps its alpha and provides its own original for persistent storage
  ---
  duration_ms: 185.878414
  type: 'test'
  ...
# Subtest: reopened cropped edit keeps saved pixels and can restore the full original
ok 132 - reopened cropped edit keeps saved pixels and can restore the full original
  ---
  duration_ms: 168.859875
  type: 'test'
  ...
# Subtest: mobile overview fits a long four-panel image and pan mode does not draw over it
ok 133 - mobile overview fits a long four-panel image and pan mode does not draw over it
  ---
  duration_ms: 162.587588
  type: 'test'
  ...
# Subtest: unsuitable opaque image is not marked as a transparent layer by one-click processing
ok 134 - unsuitable opaque image is not marked as a transparent layer by one-click processing
  ---
  duration_ms: 232.947479
  type: 'test'
  ...
# Subtest: playback never uses white-removal percentage to layer unconfirmed pictures
ok 135 - playback never uses white-removal percentage to layer unconfirmed pictures
  ---
  duration_ms: 478.023185
  type: 'test'
  ...
# (node:113) ExperimentalWarning: VM Modules is an experimental feature and might change at any time
# (Use `node --trace-warnings ...` to show where the warning was created)
# Subtest: TT Chinese 71-character synthetic completion is a transport failure, not missing JSON
ok 136 - TT Chinese 71-character synthetic completion is a transport failure, not missing JSON
  ---
  duration_ms: 137.233738
  type: 'test'
  ...
# Subtest: localized error labels work after host metadata is stripped, including profile streams
ok 137 - localized error labels work after host metadata is stripped, including profile streams
  ---
  duration_ms: 125.529418
  type: 'test'
  ...
# Subtest: canonical TT error envelopes support other locales and never accept JSON from an error body
ok 138 - canonical TT error envelopes support other locales and never accept JSON from an error body
  ---
  duration_ms: 125.204793
  type: 'test'
  ...
# Subtest: recognized host envelope preserves status before a nested upstream JSON error
ok 139 - recognized host envelope preserves status before a nested upstream JSON error
  ---
  duration_ms: 129.157517
  type: 'test'
  ...
# Subtest: known API error without a status remains an unknown connection failure, not an invented 524
ok 140 - known API error without a status remains an unknown connection failure, not an invented 524
  ---
  duration_ms: 164.480247
  type: 'test'
  ...
# Subtest: validated requests never automatically reroll recognized TT error placeholders
ok 141 - validated requests never automatically reroll recognized TT error placeholders
  ---
  duration_ms: 452.089804
  type: 'test'
  ...
# Subtest: normal JSON and existing safe wrappers keep every field, quote, brace, tag and lyric unchanged
ok 142 - normal JSON and existing safe wrappers keep every field, quote, brace, tag and lyric unchanged
  ---
  duration_ms: 161.664774
  type: 'test'
  ...
# Subtest: partial JSON is not stripped; unfinished data, HTML and reasoning remain on their existing paths
ok 143 - partial JSON is not stripped; unfinished data, HTML and reasoning remain on their existing paths
  ---
  duration_ms: 139.925312
  type: 'test'
  ...
# Subtest: incidental labels and noncanonical IDs do not become new generation gates
ok 144 - incidental labels and noncanonical IDs do not become new generation gates
  ---
  duration_ms: 145.662367
  type: 'test'
  ...
# Subtest: failed regeneration leaves existing pictures, timings and shots intact; next manual attempt succeeds
ok 145 - failed regeneration leaves existing pictures, timings and shots intact; next manual attempt succeeds
  ---
  duration_ms: 173.00919
  type: 'test'
  ...
# Subtest: nested and streaming TT envelopes are recognized without treating quoted envelopes as errors
ok 146 - nested and streaming TT envelopes are recognized without treating quoted envelopes as errors
  ---
  duration_ms: 151.664178
  type: 'test'
  ...
# (node:125) ExperimentalWarning: VM Modules is an experimental feature and might change at any time
# (Use `node --trace-warnings ...` to show where the warning was created)
# Subtest: batch zero-based response accepts correct lyrics without replacing old images
ok 147 - batch zero-based response accepts correct lyrics without replacing old images
  ---
  duration_ms: 137.548715
  type: 'test'
  ...
# Subtest: batch one-based response accepts correct lyrics without replacing old images
ok 148 - batch one-based response accepts correct lyrics without replacing old images
  ---
  duration_ms: 125.200393
  type: 'test'
  ...
# Subtest: song one-based response accepts correct lyrics without replacing old images
ok 149 - song one-based response accepts correct lyrics without replacing old images
  ---
  duration_ms: 137.072244
  type: 'test'
  ...
# Subtest: song zero-based response accepts correct lyrics without replacing old images
ok 150 - song zero-based response accepts correct lyrics without replacing old images
  ---
  duration_ms: 139.846601
  type: 'test'
  ...
# Subtest: missing indexes and normalized whitespace/punctuation are recovered from the actual lyric
ok 151 - missing indexes and normalized whitespace/punctuation are recovered from the actual lyric
  ---
  duration_ms: 153.040971
  type: 'test'
  ...
# Subtest: already completed lyrics are never re-labelled as new sections just because their batch indexes fit
ok 152 - already completed lyrics are never re-labelled as new sections just because their batch indexes fit
  ---
  duration_ms: 146.359383
  type: 'test'
  ...
# Subtest: valid absolute-index partial responses with paraphrased lyrics remain accepted
ok 153 - valid absolute-index partial responses with paraphrased lyrics remain accepted
  ---
  duration_ms: 143.677301
  type: 'test'
  ...
# Subtest: flat legacy shots with relative indexes also recover by lyric without upgrading old data
ok 154 - flat legacy shots with relative indexes also recover by lyric without upgrading old data
  ---
  duration_ms: 159.552254
  type: 'test'
  ...
# Subtest: fresh runtime can repair an actual r84.209 blocked paid result with save-only retry
ok 155 - fresh runtime can repair an actual r84.209 blocked paid result with save-only retry
  ---
  duration_ms: 303.094719
  type: 'test'
  ...
# Subtest: instrumental batch without lyrics accepts an unambiguous batch-local numbering scheme
ok 156 - instrumental batch without lyrics accepts an unambiguous batch-local numbering scheme
  ---
  duration_ms: 155.996448
  type: 'test'
  ...
# Subtest: a short instrumental reply with ambiguous one-based numbering is retained instead of placed on an arbitrary section
ok 157 - a short instrumental reply with ambiguous one-based numbering is retained instead of placed on an arbitrary section
  ---
  duration_ms: 173.65787
  type: 'test'
  ...
# Subtest: new pending results retain their requested section range when the display range changes before save
ok 158 - new pending results retain their requested section range when the display range changes before save
  ---
  duration_ms: 166.046086
  type: 'test'
  ...
# (node:133) ExperimentalWarning: VM Modules is an experimental feature and might change at any time
# (Use `node --trace-warnings ...` to show where the warning was created)
# Subtest: a thirty-second prelude shows the first drawing after the two-second title
ok 159 - a thirty-second prelude shows the first drawing after the two-second title
  ---
  duration_ms: 172.530717
  type: 'test'
  ...
# Subtest: intro duration is editable, zero disables it, and reopening preserves song, timing and drawings
ok 160 - intro duration is editable, zero disables it, and reopening preserves song, timing and drawings
  ---
  duration_ms: 179.111359
  type: 'test'
  ...
# Subtest: a chosen five-second title fades out at five seconds rather than waiting for lyrics
ok 161 - a chosen five-second title fades out at five seconds rather than waiting for lyrics
  ---
  duration_ms: 180.869584
  type: 'test'
  ...
# Subtest: a short first shot keeps its second half visible even with a longer title setting
ok 162 - a short first shot keeps its second half visible even with a longer title setting
  ---
  duration_ms: 166.717427
  type: 'test'
  ...
# Subtest: fractional intro durations work and malformed values do not break playback
ok 163 - fractional intro durations work and malformed values do not break playback
  ---
  duration_ms: 180.133311
  type: 'test'
  ...
# Subtest: a sung opening has no cover and lyric taps are not delayed by title duration
ok 164 - a sung opening has no cover and lyric taps are not delayed by title duration
  ---
  duration_ms: 315.155017
  type: 'test'
  ...
# Subtest: fragment preview times the title from its own start without changing export timing
ok 165 - fragment preview times the title from its own start without changing export timing
  ---
  duration_ms: 187.946022
  type: 'test'
  ...
# Subtest: recorded video renders the same shortened title as preview without shifting the clock
ok 166 - recorded video renders the same shortened title as preview without shifting the clock
  ---
  duration_ms: 185.766214
  type: 'test'
  ...
# (node:149) ExperimentalWarning: VM Modules is an experimental feature and might change at any time
# (Use `node --trace-warnings ...` to show where the warning was created)
# Subtest: actual r215 paid image journal saves after upgrade without regenerating
ok 167 - actual r215 paid image journal saves after upgrade without regenerating
  ---
  duration_ms: 353.58969
  type: 'test'
  ...
# Subtest: actual r215 story journal saves after upgrade when its original record is unchanged
ok 168 - actual r215 story journal saves after upgrade when its original record is unchanged
  ---
  duration_ms: 317.208562
  type: 'test'
  ...
# Subtest: actual r215 snapshot story journal cannot erase a newer image after upgrade
ok 169 - actual r215 snapshot story journal cannot erase a newer image after upgrade
  ---
  duration_ms: 293.295387
  type: 'test'
  ...
# (node:157) ExperimentalWarning: VM Modules is an experimental feature and might change at any time
# (Use `node --trace-warnings ...` to show where the warning was created)
# Subtest: four vertical panels: each selection is exactly one quarter, not another half
ok 170 - four vertical panels: each selection is exactly one quarter, not another half
  ---
  duration_ms: 144.443548
  type: 'test'
  ...
# Subtest: free crop handles reversed/invalid coordinates without sampling outside the image
ok 171 - free crop handles reversed/invalid coordinates without sampling outside the image
  ---
  duration_ms: 146.202905
  type: 'test'
  ...
# Subtest: automatic preview preserves enclosed white clothing even when its area is large
ok 172 - automatic preview preserves enclosed white clothing even when its area is large
  ---
  duration_ms: 143.656531
  type: 'test'
  ...
# Subtest: manual erase/restore fills fast strokes and restores original alpha and color
ok 173 - manual erase/restore fills fast strokes and restores original alpha and color
  ---
  duration_ms: 143.672259
  type: 'test'
  ...
# Subtest: saving prompt makes zero generation calls; redraw sends exactly that prompt without appended cast
ok 174 - saving prompt makes zero generation calls; redraw sends exactly that prompt without appended cast
  ---
  duration_ms: 162.071809
  type: 'test'
  ...
# Subtest: reset prompt recovers the unchanged default and never erases a saved picture
ok 175 - reset prompt recovers the unchanged default and never erases a saved picture
  ---
  duration_ms: 160.66077
  type: 'test'
  ...
# Subtest: manual transparent local image and original reference survive a fresh runtime
ok 176 - manual transparent local image and original reference survive a fresh runtime
  ---
  duration_ms: 347.974935
  type: 'test'
  ...
# Subtest: late generated picture cannot replace a manual cutout saved while drawing
ok 177 - late generated picture cannot replace a manual cutout saved while drawing
  ---
  duration_ms: 159.990169
  type: 'test'
  ...
# Subtest: an editor opened on an older picture cannot overwrite a newer picture or new storyboard
ok 178 - an editor opened on an older picture cannot overwrite a newer picture or new storyboard
  ---
  duration_ms: 368.351869
  type: 'test'
  ...
# Subtest: manual save in a different chat is held for the original scope
ok 179 - manual save in a different chat is held for the original scope
  ---
  duration_ms: 157.643835
  type: 'test'
  ...
# Subtest: manual save awaits failing metadata and keeps a recoverable result
ok 180 - manual save awaits failing metadata and keeps a recoverable result
  ---
  duration_ms: 243.980653
  type: 'test'
  ...
# Subtest: locally edited images are counted as drawn and never queued again by draw remaining
ok 181 - locally edited images are counted as drawn and never queued again by draw remaining
  ---
  duration_ms: 234.770538
  type: 'test'
  ...
# Subtest: editor integration commits unique media after durable blob writes and preserves an open draft across renders
ok 182 - editor integration commits unique media after durable blob writes and preserves an open draft across renders
  ---
  duration_ms: 199.913349
  type: 'test'
  ...
# Subtest: failed blob transaction leaves the previous picture and prompt intact
ok 183 - failed blob transaction leaves the previous picture and prompt intact
  ---
  duration_ms: 213.553648
  type: 'test'
  ...
# Subtest: v2 export waits for an edited local PNG before it starts recording
ok 184 - v2 export waits for an edited local PNG before it starts recording
  ---
  duration_ms: 236.921348
  type: 'test'
  ...
# (node:169) ExperimentalWarning: VM Modules is an experimental feature and might change at any time
# (Use `node --trace-warnings ...` to show where the warning was created)
# Subtest: saved per-shot local images appear after reopening v2 and do not replace shared sibling images
ok 185 - saved per-shot local images appear after reopening v2 and do not replace shared sibling images
  ---
  duration_ms: 221.435995
  type: 'test'
  ...
# Subtest: importing a full scene takes effect in v2 preview without automatic splitting or cutout
ok 186 - importing a full scene takes effect in v2 preview without automatic splitting or cutout
  ---
  duration_ms: 198.594331
  type: 'test'
  ...
# Subtest: single-shot redraw is visible in v2 while sibling shots retain their shared art
ok 187 - single-shot redraw is visible in v2 while sibling shots retain their shared art
  ---
  duration_ms: 213.496168
  type: 'test'
  ...
# Subtest: manual image failure preserves the old reference and blob
ok 188 - manual image failure preserves the old reference and blob
  ---
  duration_ms: 180.684361
  type: 'test'
  ...
# Subtest: two rapid imports keep the last chosen image when storage finishes out of order
ok 189 - two rapid imports keep the last chosen image when storage finishes out of order
  ---
  duration_ms: 225.000247
  type: 'test'
  ...
# Subtest: late import cannot overwrite a replacement storyboard and remains recoverable
ok 190 - late import cannot overwrite a replacement storyboard and remains recoverable
  ---
  duration_ms: 160.887128
  type: 'test'
  ...
# Subtest: late imported image stays bound to the original song after navigation
ok 191 - late imported image stays bound to the original song after navigation
  ---
  duration_ms: 176.479501
  type: 'test'
  ...
# Subtest: a new storyboard revision holds a late import even when its shot fields are identical
ok 192 - a new storyboard revision holds a late import even when its shot fields are identical
  ---
  duration_ms: 179.39517
  type: 'test'
  ...
# Subtest: changing chats during image storage cannot write the imported image into the new chat
ok 193 - changing chats during image storage cannot write the imported image into the new chat
  ---
  duration_ms: 209.215316
  type: 'test'
  ...
# Subtest: a missing imported blob stops export with a message instead of exporting its replaced picture
ok 194 - a missing imported blob stops export with a message instead of exporting its replaced picture
  ---
  duration_ms: 198.271848
  type: 'test'
  ...
# Subtest: returning to shared art removes only the chosen shot override
ok 195 - returning to shared art removes only the chosen shot override
  ---
  duration_ms: 258.546965
  type: 'test'
  ...
# Subtest: completed clip export loads visible imported scenes instead of unavailable replaced assets
ok 196 - completed clip export loads visible imported scenes instead of unavailable replaced assets
  ---
  duration_ms: 236.734607
  type: 'test'
  ...
# Subtest: undoing a correction after all sections are timed leaves that section ready to tap again
ok 197 - undoing a correction after all sections are timed leaves that section ready to tap again
  ---
  duration_ms: 221.423541
  type: 'test'
  ...
# Subtest: undoing an out-of-order section returns to that section, not the first missing one
ok 198 - undoing an out-of-order section returns to that section, not the first missing one
  ---
  duration_ms: 241.179376
  type: 'test'
  ...
# Subtest: undoing a nudge restores its target and a new tap creates a correct undo record
ok 199 - undoing a nudge restores its target and a new tap creates a correct undo record
  ---
  duration_ms: 228.948533
  type: 'test'
  ...
# Subtest: sequential final-tap undo and reopened fallback undo can both be tapped again
ok 200 - sequential final-tap undo and reopened fallback undo can both be tapped again
  ---
  duration_ms: 260.933923
  type: 'test'
  ...
# Subtest: undo keeps the no-audio button disabled and reset removes stale undo targets
ok 201 - undo keeps the no-audio button disabled and reset removes stale undo targets
  ---
  duration_ms: 226.707732
  type: 'test'
  ...
# (node:185) ExperimentalWarning: VM Modules is an experimental feature and might change at any time
# (Use `node --trace-warnings ...` to show where the warning was created)
# Subtest: legacy white-background motifs are real transparent sprites in preview without touching saved art
ok 202 - legacy white-background motifs are real transparent sprites in preview without touching saved art
  ---
  duration_ms: 247.912317
  type: 'test'
  ...
# Subtest: opaque white or patterned motifs are not pasted as rectangular decorations
ok 203 - opaque white or patterned motifs are not pasted as rectangular decorations
  ---
  duration_ms: 368.76638
  type: 'test'
  ...
# Subtest: true transparent white motifs retain their original colour and semi-transparent pixels
ok 204 - true transparent white motifs retain their original colour and semi-transparent pixels
  ---
  duration_ms: 164.72309
  type: 'test'
  ...
# Subtest: white snow on the contrasting default background keeps its white foreground
ok 205 - white snow on the contrasting default background keeps its white foreground
  ---
  duration_ms: 186.834391
  type: 'test'
  ...
# Subtest: enclosed white motif details stay opaque while the outside becomes transparent
ok 206 - enclosed white motif details stay opaque while the outside becomes transparent
  ---
  duration_ms: 189.742161
  type: 'test'
  ...
# Subtest: motif background processing is not applied to a full-scene white character picture
ok 207 - motif background processing is not applied to a full-scene white character picture
  ---
  duration_ms: 204.483776
  type: 'test'
  ...
# Subtest: redrawing or importing a new motif invalidates the old prepared sprite
ok 208 - redrawing or importing a new motif invalidates the old prepared sprite
  ---
  duration_ms: 229.253581
  type: 'test'
  ...
# Subtest: canvas read failure skips only the motif and does not fall back to its opaque original
ok 209 - canvas read failure skips only the motif and does not fall back to its opaque original
  ---
  duration_ms: 193.800871
  type: 'test'
  ...
# Subtest: preview and video export use the same transparent motif pixels
ok 210 - preview and video export use the same transparent motif pixels
  ---
  duration_ms: 193.13062
  type: 'test'
  ...
# Subtest: only the default motif recipe changes; white motifs use contrast and custom prompts remain verbatim
ok 211 - only the default motif recipe changes; white motifs use contrast and custom prompts remain verbatim
  ---
  duration_ms: 185.258365
  type: 'test'
  ...
# Subtest: motif editor opens with the prepared pixels and saves a real PNG while preserving its original
ok 212 - motif editor opens with the prepared pixels and saves a real PNG while preserving its original
  ---
  duration_ms: 178.994591
  type: 'test'
  ...
# Subtest: motif editor can undo background processing and manually restore white details
ok 213 - motif editor can undo background processing and manually restore white details
  ---
  duration_ms: 218.711658
  type: 'test'
  ...
# Subtest: motif editor does not erase an unrecognizable background or call an empty image a cutout
ok 214 - motif editor does not erase an unrecognizable background or call an empty image a cutout
  ---
  duration_ms: 200.015456
  type: 'test'
  ...
# Subtest: outer anti-aliased colour is unmixed from white without changing the input or enclosed white
ok 215 - outer anti-aliased colour is unmixed from white without changing the input or enclosed white
  ---
  duration_ms: 179.423568
  type: 'test'
  ...
# (node:193) ExperimentalWarning: VM Modules is an experimental feature and might change at any time
# (Use `node --trace-warnings ...` to show where the warning was created)
# Subtest: saving an MV prompt returns to its picture without changing images or generating
ok 216 - saving an MV prompt returns to its picture without changing images or generating
  ---
  duration_ms: 144.09994
  type: 'test'
  ...
# Subtest: toolbar returns from material editor to the same picture and leaves unsaved prompt unchanged
ok 217 - toolbar returns from material editor to the same picture and leaves unsaved prompt unchanged
  ---
  duration_ms: 140.473926
  type: 'test'
  ...
# Subtest: same-page image completion rerenders keep the current scroll position
ok 218 - same-page image completion rerenders keep the current scroll position
  ---
  duration_ms: 150.038952
  type: 'test'
  ...
# Subtest: preview and timing return one level at a time, restoring each parent position
ok 219 - preview and timing return one level at a time, restoring each parent position
  ---
  duration_ms: 161.751753
  type: 'test'
  ...
# Subtest: page-local return works through the overlay click dispatcher without exiting to interactions
ok 220 - page-local return works through the overlay click dispatcher without exiting to interactions
  ---
  duration_ms: 174.41699
  type: 'test'
  ...
# Subtest: old editor callbacks cannot restore the previous song page after leaving and reopening
ok 221 - old editor callbacks cannot restore the previous song page after leaving and reopening
  ---
  duration_ms: 154.560692
  type: 'test'
  ...
# Subtest: picture anchor, expanded inspection and horizontal thumbnails survive changed layout
ok 222 - picture anchor, expanded inspection and horizontal thumbnails survive changed layout
  ---
  duration_ms: 145.821402
  type: 'test'
  ...
# Subtest: completed timing navigation does not make a preview/timing back loop
ok 223 - completed timing navigation does not make a preview/timing back loop
  ---
  duration_ms: 164.748462
  type: 'test'
  ...
# Subtest: preserving page state never reverses an explicit inspection expand/collapse click
ok 224 - preserving page state never reverses an explicit inspection expand/collapse click
  ---
  duration_ms: 154.624742
  type: 'test'
  ...
# Subtest: closed editor callbacks cannot dismiss a newer editor in the same song
ok 225 - closed editor callbacks cannot dismiss a newer editor in the same song
  ---
  duration_ms: 172.240114
  type: 'test'
  ...
# Subtest: rapid repeated edit clicks still return once to the original picture
ok 226 - rapid repeated edit clicks still return once to the original picture
  ---
  duration_ms: 178.371764
  type: 'test'
  ...
# Subtest: the first successful storyboard becomes the root instead of returning to the generate wizard
ok 227 - the first successful storyboard becomes the root instead of returning to the generate wizard
  ---
  duration_ms: 172.582712
  type: 'test'
  ...
# Subtest: pending save keeps the editor open and still allows returning without losing the original picture
ok 228 - pending save keeps the editor open and still allows returning without losing the original picture
  ---
  duration_ms: 165.045409
  type: 'test'
  ...
# Subtest: album thumbnails have no rabbit menu but retain memory and detail image actions
ok 229 - album thumbnails have no rabbit menu but retain memory and detail image actions
  ---
  duration_ms: 178.638072
  type: 'test'
  ...
# Subtest: album detail has a local return and toolbar returns to the scrolled album
ok 230 - album detail has a local return and toolbar returns to the scrolled album
  ---
  duration_ms: 181.905355
  type: 'test'
  ...
# Subtest: read-only album hides write actions and a different album cannot inherit the return position
ok 231 - read-only album hides write actions and a different album cannot inherit the return position
  ---
  duration_ms: 180.485512
  type: 'test'
  ...
# (node:217) ExperimentalWarning: VM Modules is an experimental feature and might change at any time
# (Use `node --trace-warnings ...` to show where the warning was created)
# Subtest: outro appears only inside the selected ending interval, never over later or earlier shots
ok 232 - outro appears only inside the selected ending interval, never over later or earlier shots
  ---
  duration_ms: 392.373136
  type: 'test'
  ...
# Subtest: outro control persists, accepts fractional seconds and zero, preserving drawings and timing
ok 233 - outro control persists, accepts fractional seconds and zero, preserving drawings and timing
  ---
  duration_ms: 214.770915
  type: 'test'
  ...
# Subtest: a short final shot keeps its first half free of the outro
ok 234 - a short final shot keeps its first half free of the outro
  ---
  duration_ms: 180.20836
  type: 'test'
  ...
# Subtest: v1 fade leaves most of a 0.2 second shot clear without removing the transition
ok 235 - v1 fade leaves most of a 0.2 second shot clear without removing the transition
  ---
  duration_ms: 183.962691
  type: 'test'
  ...
# Subtest: v1 flash leaves most of a 0.2 second shot clear without removing the transition
ok 236 - v1 flash leaves most of a 0.2 second shot clear without removing the transition
  ---
  duration_ms: 181.933479
  type: 'test'
  ...
# Subtest: v2 fade leaves most of a 0.2 second shot clear without removing the transition
ok 237 - v2 fade leaves most of a 0.2 second shot clear without removing the transition
  ---
  duration_ms: 195.000468
  type: 'test'
  ...
# Subtest: v2 flash leaves most of a 0.2 second shot clear without removing the transition
ok 238 - v2 flash leaves most of a 0.2 second shot clear without removing the transition
  ---
  duration_ms: 196.540082
  type: 'test'
  ...
# Subtest: normal-length shots retain their existing fade
ok 239 - normal-length shots retain their existing fade
  ---
  duration_ms: 187.236337
  type: 'test'
  ...
# Subtest: hiding lyrics also hides the chorus keyword and restoring lyrics keeps the choice
ok 240 - hiding lyrics also hides the chorus keyword and restoring lyrics keeps the choice
  ---
  duration_ms: 204.365055
  type: 'test'
  ...
# Subtest: motif and keyword controls are independent and preserve generated assets
ok 241 - motif and keyword controls are independent and preserve generated assets
  ---
  duration_ms: 209.146446
  type: 'test'
  ...
# Subtest: fragment export preserves overlay choices without changing the original timeline
ok 242 - fragment export preserves overlay choices without changing the original timeline
  ---
  duration_ms: 180.878606
  type: 'test'
  ...
# Subtest: video export uses the saved overlay snapshot and the same clear ending as preview
ok 243 - video export uses the saved overlay snapshot and the same clear ending as preview
  ---
  duration_ms: 253.679875
  type: 'test'
  ...
# (node:237) ExperimentalWarning: VM Modules is an experimental feature and might change at any time
# (Use `node --trace-warnings ...` to show where the warning was created)
# Subtest: 16:9: BaiBai receives the selected orientation for shared poses, scene assets and redraws
ok 244 - 16:9: BaiBai receives the selected orientation for shared poses, scene assets and redraws
  ---
  duration_ms: 156.184157
  type: 'test'
  ...
# Subtest: 16:9: non-stage cutout assets and complete manual prompts retain the selected orientation
ok 245 - 16:9: non-stage cutout assets and complete manual prompts retain the selected orientation
  ---
  duration_ms: 133.692179
  type: 'test'
  ...
# Subtest: 9:16: BaiBai receives the selected orientation for shared poses, scene assets and redraws
ok 246 - 9:16: BaiBai receives the selected orientation for shared poses, scene assets and redraws
  ---
  duration_ms: 142.713471
  type: 'test'
  ...
# Subtest: 9:16: non-stage cutout assets and complete manual prompts retain the selected orientation
ok 247 - 9:16: non-stage cutout assets and complete manual prompts retain the selected orientation
  ---
  duration_ms: 146.553632
  type: 'test'
  ...
# Subtest: Chatu8 novelai: MV swaps a portrait size only for this horizontal request
ok 248 - Chatu8 novelai: MV swaps a portrait size only for this horizontal request
  ---
  duration_ms: 164.843846
  type: 'test'
  ...
# Subtest: Chatu8 sd: MV swaps a portrait size only for this horizontal request
ok 249 - Chatu8 sd: MV swaps a portrait size only for this horizontal request
  ---
  duration_ms: 151.951134
  type: 'test'
  ...
# Subtest: Chatu8 comfyui: MV swaps a portrait size only for this horizontal request
ok 250 - Chatu8 comfyui: MV swaps a portrait size only for this horizontal request
  ---
  duration_ms: 144.32581
  type: 'test'
  ...
# Subtest: ordinary Chatu8 CG requests retain provider sizes and MV square settings get an oriented request
ok 251 - ordinary Chatu8 CG requests retain provider sizes and MV square settings get an oriented request
  ---
  duration_ms: 162.5098
  type: 'test'
  ...
# Subtest: automatic provider fallback carries the MV orientation to Chatu8
ok 252 - automatic provider fallback carries the MV orientation to Chatu8
  ---
  duration_ms: 157.073139
  type: 'test'
  ...
# Subtest: Chatu8 missing size fields still permit MV generation without changing settings
ok 253 - Chatu8 missing size fields still permit MV generation without changing settings
  ---
  duration_ms: 871.86061
  type: 'test'
  ...
# Subtest: legacy standalone frames honor the orientation and motif generation keeps its existing contract
ok 254 - legacy standalone frames honor the orientation and motif generation keeps its existing contract
  ---
  duration_ms: 404.198416
  type: 'test'
  ...
# Subtest: horizontal board thumbnails include a wide shape while vertical boards keep portrait tiles
ok 255 - horizontal board thumbnails include a wide shape while vertical boards keep portrait tiles
  ---
  duration_ms: 179.996487
  type: 'test'
  ...
# Subtest: choosing horizontal in setup persists through storyboard generation and drawing the remaining images
ok 256 - choosing horizontal in setup persists through storyboard generation and drawing the remaining images
  ---
  duration_ms: 289.678998
  type: 'test'
  ...
# (node:245) ExperimentalWarning: VM Modules is an experimental feature and might change at any time
# (Use `node --trace-warnings ...` to show where the warning was created)
# Subtest: one setup click makes one storyboard request; drawing screen does not launch another batch
ok 257 - one setup click makes one storyboard request; drawing screen does not launch another batch
  ---
  duration_ms: 203.997705
  type: 'test'
  ...
# Subtest: an explicit continuation click requests one batch even when the reply leaves more sections
ok 258 - an explicit continuation click requests one batch even when the reply leaves more sections
  ---
  duration_ms: 180.040077
  type: 'test'
  ...
# Subtest: late setup completion cannot launch story requests for a newly opened song
ok 259 - late setup completion cannot launch story requests for a newly opened song
  ---
  duration_ms: 162.741369
  type: 'test'
  ...
# Subtest: regeneration arriving after a v2 image was drawn holds the response and preserves that image
ok 260 - regeneration arriving after a v2 image was drawn holds the response and preserves that image
  ---
  duration_ms: 185.817782
  type: 'test'
  ...
# Subtest: story single-flight remains locked until an asynchronous metadata save settles
ok 261 - story single-flight remains locked until an asynchronous metadata save settles
  ---
  duration_ms: 165.114786
  type: 'test'
  ...
# Subtest: queued group drawing never jumps to a newly opened song after its first image finishes
ok 262 - queued group drawing never jumps to a newly opened song after its first image finishes
  ---
  duration_ms: 193.15297
  type: 'test'
  ...
# Subtest: late paid asset is held if its group key was reused by an explicit replacement storyboard
ok 263 - late paid asset is held if its group key was reused by an explicit replacement storyboard
  ---
  duration_ms: 207.657265
  type: 'test'
  ...
# Subtest: a continuation can consist entirely of reused paid images without cloning or redrawing them
ok 264 - a continuation can consist entirely of reused paid images without cloning or redrawing them
  ---
  duration_ms: 177.343122
  type: 'test'
  ...
# Subtest: mixed new and reused groups preserve the correct image keys even when new raw IDs overlap old IDs
ok 265 - mixed new and reused groups preserve the correct image keys even when new raw IDs overlap old IDs
  ---
  duration_ms: 336.303239
  type: 'test'
  ...
# Subtest: single-image redraw sends a fresh seed and a group redraw shares its new seed across differences
ok 266 - single-image redraw sends a fresh seed and a group redraw shares its new seed across differences
  ---
  duration_ms: 456.091729
  type: 'test'
  ...
# Subtest: the existing ten-line request batch size remains, with no total section limit
ok 267 - the existing ten-line request batch size remains, with no total section limit
  ---
  duration_ms: 323.102462
  type: 'test'
  ...
# Subtest: saved r215 custom export selection remains effective when the restored clip controls first open
ok 268 - saved r215 custom export selection remains effective when the restored clip controls first open
  ---
  duration_ms: 259.802347
  type: 'test'
  ...
# Subtest: queued drawing stops when an explicit replacement story arrives, even on the same page
ok 269 - queued drawing stops when an explicit replacement story arrives, even on the same page
  ---
  duration_ms: 344.838822
  type: 'test'
  ...
# Subtest: a manual image filled while another asset is drawing is skipped by the remaining-image queue
ok 270 - a manual image filled while another asset is drawing is skipped by the remaining-image queue
  ---
  duration_ms: 226.940753
  type: 'test'
  ...
# Subtest: append retains images paid before it finishes and late image saves to the unchanged original group
ok 271 - append retains images paid before it finishes and late image saves to the unchanged original group
  ---
  duration_ms: 277.407694
  type: 'test'
  ...
# (node:253) ExperimentalWarning: VM Modules is an experimental feature and might change at any time
# (Use `node --trace-warnings ...` to show where the warning was created)
# Subtest: paid result waits for a returned metadata promise when local storage cannot save
ok 272 - paid result waits for a returned metadata promise when local storage cannot save
  ---
  duration_ms: 166.130823
  type: 'test'
  ...
# Subtest: rejected metadata with no local copy retains the paid result and retries saving without regeneration
ok 273 - rejected metadata with no local copy retains the paid result and retries saving without regeneration
  ---
  duration_ms: 147.154377
  type: 'test'
  ...
# [HeartbeatMemories] host metadata save adapter unavailable
# Subtest: confirmed local copy succeeds even if metadata rejects and survives a fresh runtime
ok 274 - confirmed local copy succeeds even if metadata rejects and survives a fresh runtime
  ---
  duration_ms: 290.745338
  type: 'test'
  ...
# Subtest: void-returning host debounce stays compatible when local storage quota is exhausted
ok 275 - void-returning host debounce stays compatible when local storage quota is exhausted
  ---
  duration_ms: 169.117564
  type: 'test'
  ...
# Subtest: missing, throwing or explicitly failed metadata storage keeps recovery in memory
ok 276 - missing, throwing or explicitly failed metadata storage keeps recovery in memory
  ---
  duration_ms: 717.080186
  type: 'test'
  ...
# Subtest: failed paid redraw remains exportable and save-only recovery keeps its new image
ok 277 - failed paid redraw remains exportable and save-only recovery keeps its new image
  ---
  duration_ms: 274.730259
  type: 'test'
  ...
# Subtest: a delayed rejected save retains only its original chat recovery
ok 278 - a delayed rejected save retains only its original chat recovery
  ---
  duration_ms: 188.866944
  type: 'test'
  ...
# Subtest: ordinary archive revision growth still allows unchanged-song storyboard saving
ok 279 - ordinary archive revision growth still allows unchanged-song storyboard saving
  ---
  duration_ms: 199.540449
  type: 'test'
  ...
# Subtest: all appearance/shot combinations preserve the current branch cast and scenery intent
ok 280 - all appearance/shot combinations preserve the current branch cast and scenery intent
  ---
  duration_ms: 324.098443
  type: 'test'
  ...
# (node:261) ExperimentalWarning: VM Modules is an experimental feature and might change at any time
# (Use `node --trace-warnings ...` to show where the warning was created)
# Subtest: reported legacy solo prompt replaces the old expression and omits the cast transition
ok 281 - reported legacy solo prompt replaces the old expression and omits the cast transition
  ---
  duration_ms: 125.887028
  type: 'test'
  ...
# Subtest: a complete still supersedes all group and change poses while preserving names and looks
ok 282 - a complete still supersedes all group and change poses while preserving names and looks
  ---
  duration_ms: 119.026578
  type: 'test'
  ...
# Subtest: two expressions produce separate images and the repeated beat reuses the first paid asset
ok 283 - two expressions produce separate images and the repeated beat reuses the first paid asset
  ---
  duration_ms: 162.359191
  type: 'test'
  ...
# Subtest: MV NAI submits the scene once and preserves its separate appearance channel
ok 284 - MV NAI submits the scene once and preserves its separate appearance channel
  ---
  duration_ms: 159.72571
  type: 'test'
  ...
# Subtest: other modules keep the existing NAI transport contract
ok 285 - other modules keep the existing NAI transport contract
  ---
  duration_ms: 184.048731
  type: 'test'
  ...
# Subtest: ComfyUI and flat backends retain complete prompt channels and named looks
ok 286 - ComfyUI and flat backends retain complete prompt channels and named looks
  ---
  duration_ms: 508.689306
  type: 'test'
  ...
# Subtest: player redraw and asset editor use the same chosen still
ok 287 - player redraw and asset editor use the same chosen still
  ---
  duration_ms: 216.116232
  type: 'test'
  ...
# Subtest: manual complete prompts pass through both redraw routes without hidden character text
ok 288 - manual complete prompts pass through both redraw routes without hidden character text
  ---
  duration_ms: 147.33054
  type: 'test'
  ...
# Subtest: a player redraw arriving after an asset prompt edit is preserved as pending
ok 289 - a player redraw arriving after an asset prompt edit is preserved as pending
  ---
  duration_ms: 149.713906
  type: 'test'
  ...
# Subtest: missing optional per-still text and legacy records remain drawable
ok 290 - missing optional per-still text and legacy records remain drawable
  ---
  duration_ms: 166.934666
  type: 'test'
  ...
# Subtest: unbound multi-person legacy actions are retained instead of guessing whose expression changed
ok 291 - unbound multi-person legacy actions are retained instead of guessing whose expression changed
  ---
  duration_ms: 161.158812
  type: 'test'
  ...
# Subtest: omitted group cast can still resolve a named person from the new per-still field
ok 292 - omitted group cast can still resolve a named person from the new per-still field
  ---
  duration_ms: 164.564374
  type: 'test'
  ...
# Subtest: expression storyboard request includes separate stills, sustained poses and a shared stage
ok 293 - expression storyboard request includes separate stills, sustained poses and a shared stage
  ---
  duration_ms: 156.705958
  type: 'test'
  ...
# (node:269) ExperimentalWarning: VM Modules is an experimental feature and might change at any time
# (Use `node --trace-warnings ...` to show where the warning was created)
# Subtest: native Canvas 16:9: one background continues through held poses and changed text
ok 294 - native Canvas 16:9: one background continues through held poses and changed text
  ---
  duration_ms: 444.920556
  type: 'test'
  ...
# Subtest: native Canvas 9:16: one background continues through held poses and changed text
ok 295 - native Canvas 9:16: one background continues through held poses and changed text
  ---
  duration_ms: 406.07475
  type: 'test'
  ...
# Subtest: background is behind confirmed transparent art, text order is deliberate, and opaque art stays intact
ok 296 - background is behind confirmed transparent art, text order is deliberate, and opaque art stays intact
  ---
  duration_ms: 587.969394
  type: 'test'
  ...
# Subtest: an opaque PNG marked as cutout keeps a full-frame fallback instead of hiding the stage text
ok 297 - an opaque PNG marked as cutout keeps a full-frame fallback instead of hiding the stage text
  ---
  duration_ms: 327.94016
  type: 'test'
  ...
# Subtest: shared backgrounds appear once in the board and pose editing is reachable from the player
ok 298 - shared backgrounds appear once in the board and pose editing is reachable from the player
  ---
  duration_ms: 338.493039
  type: 'test'
  ...
# Subtest: native Canvas export matches preview at the same song time even for a clipped second section
ok 299 - native Canvas export matches preview at the same song time even for a clipped second section
  ---
  duration_ms: 533.53265
  type: 'test'
  ...
# Subtest: automatic character layer (native alpha) is visible over the actual shared image
ok 300 - automatic character layer (native alpha) is visible over the actual shared image
  ---
  duration_ms: 530.368761
  type: 'test'
  ...
# Subtest: automatic character layer (\#ffffff) is visible over the actual shared image
ok 301 - automatic character layer (\#ffffff) is visible over the actual shared image
  ---
  duration_ms: 649.072738
  type: 'test'
  ...
# Subtest: automatic character layer (\#dddddd) is visible over the actual shared image
ok 302 - automatic character layer (\#dddddd) is visible over the actual shared image
  ---
  duration_ms: 933.374038
  type: 'test'
  ...
# (node:277) ExperimentalWarning: VM Modules is an experimental feature and might change at any time
# (Use `node --trace-warnings ...` to show where the warning was created)
# Subtest: one shared procedural background serves two groups and does not request an extra image
ok 303 - one shared procedural background serves two groups and does not request an extra image
  ---
  duration_ms: 172.404222
  type: 'test'
  ...
# Subtest: a shared image background is one editable asset and one paid request across groups
ok 304 - a shared image background is one editable asset and one paid request across groups
  ---
  duration_ms: 192.826707
  type: 'test'
  ...
# Subtest: stage prompts separate the character and stage while old expression records stay full-frame
ok 305 - stage prompts separate the character and stage while old expression records stay full-frame
  ---
  duration_ms: 141.091517
  type: 'test'
  ...
# Subtest: layer clocks retain the song anchor when only lyrics or the pose changes
ok 306 - layer clocks retain the song anchor when only lyrics or the pose changes
  ---
  duration_ms: 162.540446
  type: 'test'
  ...
# Subtest: procedural scenes are ready without a paid background and manual clips remain selectable
ok 307 - procedural scenes are ready without a paid background and manual clips remain selectable
  ---
  duration_ms: 150.724282
  type: 'test'
  ...
# Subtest: a shared background cannot be drawn twice concurrently or overwrite a newer edit
ok 308 - a shared background cannot be drawn twice concurrently or overwrite a newer edit
  ---
  duration_ms: 143.317726
  type: 'test'
  ...
# Subtest: shared pose redraw updates its reusable asset and remains editable
ok 309 - shared pose redraw updates its reusable asset and remains editable
  ---
  duration_ms: 151.990067
  type: 'test'
  ...
# Subtest: continuation preserves edited shared art and reuses IDs while appending new backgrounds
ok 310 - continuation preserves edited shared art and reuses IDs while appending new backgrounds
  ---
  duration_ms: 172.606971
  type: 'test'
  ...
# Subtest: late storyboard cannot replace a manually changed shared background
ok 311 - late storyboard cannot replace a manually changed shared background
  ---
  duration_ms: 159.896325
  type: 'test'
  ...
# Subtest: unrecognized optional stage data falls back without blocking a usable storyboard
ok 312 - unrecognized optional stage data falls back without blocking a usable storyboard
  ---
  duration_ms: 150.362552
  type: 'test'
  ...
# Subtest: one storyboard request saves executable stage data and its lyric mode
ok 313 - one storyboard request saves executable stage data and its lyric mode
  ---
  duration_ms: 166.649141
  type: 'test'
  ...
# (node:297) ExperimentalWarning: VM Modules is an experimental feature and might change at any time
# (Use `node --trace-warnings ...` to show where the warning was created)
# Subtest: each section has a selectable button, including index zero
ok 314 - each section has a selectable button, including index zero
  ---
  duration_ms: 136.303603
  type: 'test'
  ...
# Subtest: selecting the chorus changes the big button without writing or seeking audio
ok 315 - selecting the chorus changes the big button without writing or seeking audio
  ---
  duration_ms: 143.182844
  type: 'test'
  ...
# Subtest: original sequential tapping still advances through every section
ok 316 - original sequential tapping still advances through every section
  ---
  duration_ms: 138.817192
  type: 'test'
  ...
# Subtest: a completed section can be selected and corrected, then undo restores its old time
ok 317 - a completed section can be selected and corrected, then undo restores its old time
  ---
  duration_ms: 147.966698
  type: 'test'
  ...
# Subtest: undo removes the most recent selected tap, not the highest section number
ok 318 - undo removes the most recent selected tap, not the highest section number
  ---
  duration_ms: 147.093228
  type: 'test'
  ...
# Subtest: selection resets on reopen and does not carry into another song
ok 319 - selection resets on reopen and does not carry into another song
  ---
  duration_ms: 146.58545
  type: 'test'
  ...
# Subtest: reset clears manual selection and undo history; no audio still disables recording
ok 320 - reset clears manual selection and undo history; no audio still disables recording
  ---
  duration_ms: 305.405705
  type: 'test'
  ...
# Subtest: invalid selection leaves the current target and timing unchanged
ok 321 - invalid selection leaves the current target and timing unchanged
  ---
  duration_ms: 172.191247
  type: 'test'
  ...
# Subtest: saved timing can be reopened and neighbouring tap bounds remain monotonic
ok 322 - saved timing can be reopened and neighbouring tap bounds remain monotonic
  ---
  duration_ms: 158.794407
  type: 'test'
  ...
# Subtest: MV lyrics and other text panels use paired semantic theme colours
ok 323 - MV lyrics and other text panels use paired semantic theme colours
  ---
  duration_ms: 156.329076
  type: 'test'
  ...
# Subtest: theme colour pairs for MV panels exceed 4.5:1 in light, dark and custom modes
ok 324 - theme colour pairs for MV panels exceed 4.5:1 in light, dark and custom modes
  ---
  duration_ms: 153.263817
  type: 'test'
  ...
# (node:303) ExperimentalWarning: VM Modules is an experimental feature and might change at any time
# (Use `node --trace-warnings ...` to show where the warning was created)
# Subtest: whole-song lyric taps keep repeated-shot starts ordered and every distinct lyric exactly on its tap
ok 325 - whole-song lyric taps keep repeated-shot starts ordered and every distinct lyric exactly on its tap
  ---
  duration_ms: 161.967608
  type: 'test'
  ...
# Subtest: a late lyric tap redistributes unmarked shots between anchors rather than leaving old starts behind
ok 326 - a late lyric tap redistributes unmarked shots between anchors rather than leaving old starts behind
  ---
  duration_ms: 163.821455
  type: 'test'
  ...
# Subtest: section taps remain exact fractional anchors even when automatic beat snapping is enabled
ok 327 - section taps remain exact fractional anchors even when automatic beat snapping is enabled
  ---
  duration_ms: 168.580028
  type: 'test'
  ...
# Subtest: unmarked earlier sections fit before a later manual anchor without pushing that anchor away
ok 328 - unmarked earlier sections fit before a later manual anchor without pushing that anchor away
  ---
  duration_ms: 158.999456
  type: 'test'
  ...
# Subtest: section ranges and clipped export follow first-line anchors from whole-song lyric sync
ok 329 - section ranges and clipped export follow first-line anchors from whole-song lyric sync
  ---
  duration_ms: 180.271237
  type: 'test'
  ...
# Subtest: space and punctuation differences in copied lyrics still map to the same manual line
ok 330 - space and punctuation differences in copied lyrics still map to the same manual line
  ---
  duration_ms: 177.784787
  type: 'test'
  ...
# Subtest: repeated lyric text in separate occurrences receives distinct saved line times
ok 331 - repeated lyric text in separate occurrences receives distinct saved line times
  ---
  duration_ms: 164.769202
  type: 'test'
  ...
# Subtest: null and empty lyric taps remain unmarked and corrupt reversed taps never make negative durations
ok 332 - null and empty lyric taps remain unmarked and corrupt reversed taps never make negative durations
  ---
  duration_ms: 189.480961
  type: 'test'
  ...
# Subtest: tiny manually timed line intervals retain both exact anchors and positive intermediate cuts
ok 333 - tiny manually timed line intervals retain both exact anchors and positive intermediate cuts
  ---
  duration_ms: 178.144038
  type: 'test'
  ...
# Subtest: subtitles and timetable use the repaired positive timeline and preserve saved content
ok 334 - subtitles and timetable use the repaired positive timeline and preserve saved content
  ---
  duration_ms: 173.981413
  type: 'test'
  ...
# Subtest: an untimed opening with no intro drawings preserves later estimated cut positions
ok 335 - an untimed opening with no intro drawings preserves later estimated cut positions
  ---
  duration_ms: 196.830446
  type: 'test'
  ...
# Subtest: a corrupt zero tap after earlier drawings is ignored without rewriting data or collapsing those drawings
ok 336 - a corrupt zero tap after earlier drawings is ignored without rewriting data or collapsing those drawings
  ---
  duration_ms: 212.552209
  type: 'test'
  ...
# Subtest: public whole-song lyric sync, undo and reopening preserve exact timing and show no early lyric or skipped drawing
ok 337 - public whole-song lyric sync, undo and reopening preserve exact timing and show no early lyric or skipped drawing
  ---
  duration_ms: 713.293137
  type: 'test'
  ...
# Subtest: video export starts at the marked chorus and uses the same absolute cut points and images as preview
ok 338 - video export starts at the marked chorus and uses the same absolute cut points and images as preview
  ---
  duration_ms: 311.583522
  type: 'test'
  ...
# Subtest: legacy overall timing offsets retain their automatic cut positions when there are no manual marks
ok 339 - legacy overall timing offsets retain their automatic cut positions when there are no manual marks
  ---
  duration_ms: 233.295403
  type: 'test'
  ...
# (node:321) ExperimentalWarning: VM Modules is an experimental feature and might change at any time
# (Use `node --trace-warnings ...` to show where the warning was created)
# Subtest: first storyboard reports wrapped 524 as transport timeout; no fake storyboard or extra request
ok 340 - first storyboard reports wrapped 524 as transport timeout; no fake storyboard or extra request
  ---
  duration_ms: 143.74937
  type: 'test'
  ...
# Subtest: failed regeneration preserves every old shot and image; next manual click can succeed
ok 341 - failed regeneration preserves every old shot and image; next manual click can succeed
  ---
  duration_ms: 182.148285
  type: 'test'
  ...
# Subtest: validated generation does not treat backend error prose as a paid empty-JSON reroll
ok 342 - validated generation does not treat backend error prose as a paid empty-JSON reroll
  ---
  duration_ms: 149.730605
  type: 'test'
  ...
# Subtest: plain, content-array and profile-stream errors retain 524 without exporting backend text
ok 343 - plain, content-array and profile-stream errors retain 524 without exporting backend text
  ---
  duration_ms: 130.026644
  type: 'test'
  ...
# Subtest: structured backend error message retains HTTP status when no numeric status field exists
ok 344 - structured backend error message retains HTTP status when no numeric status field exists
  ---
  duration_ms: 154.090637
  type: 'test'
  ...
# Subtest: numeric envelope status takes priority over conflicting prose
ok 345 - numeric envelope status takes priority over conflicting prose
  ---
  duration_ms: 141.787946
  type: 'test'
  ...
# Subtest: valid JSON, fenced JSON and JSON after backend-like prose remain parseable
ok 346 - valid JSON, fenced JSON and JSON after backend-like prose remain parseable
  ---
  duration_ms: 160.577373
  type: 'test'
  ...
# Subtest: truncated JSON after error-like prose remains a recoverable JSON truncation
ok 347 - truncated JSON after error-like prose remains a recoverable JSON truncation
  ---
  duration_ms: 150.150651
  type: 'test'
  ...
# Subtest: ordinary prose and incidental error references keep the existing parser path
ok 348 - ordinary prose and incidental error references keep the existing parser path
  ---
  duration_ms: 157.451059
  type: 'test'
  ...
# Subtest: HTTP and error-code-only error replies preserve a safe numeric status
ok 349 - HTTP and error-code-only error replies preserve a safe numeric status
  ---
  duration_ms: 158.433957
  type: 'test'
  ...
# Subtest: real thrown 524 is shown as timeout with MV trace and a single request
ok 350 - real thrown 524 is shown as timeout with MV trace and a single request
  ---
  duration_ms: 183.270673
  type: 'test'
  ...
# Subtest: successful first storyboard keeps configured max output, temperature, streaming choice and one request
ok 351 - successful first storyboard keeps configured max output, temperature, streaming choice and one request
  ---
  duration_ms: 174.426695
  type: 'test'
  ...
# Subtest: HTTP diagnostics permit only integer error statuses and never exception text
ok 352 - HTTP diagnostics permit only integer error statuses and never exception text
  ---
  duration_ms: 193.349012
  type: 'test'
  ...
# (node:329) ExperimentalWarning: VM Modules is an experimental feature and might change at any time
# (Use `node --trace-warnings ...` to show where the warning was created)
# Subtest: paid storyboard switch + quota preserves raw and old metadata; save-only retry is idempotent
ok 353 - paid storyboard switch + quota preserves raw and old metadata; save-only retry is idempotent
  ---
  duration_ms: 158.374917
  type: 'test'
  ...
# Subtest: revision drift journals paid result and survives a fresh runtime
not ok 354 - revision drift journals paid result and survives a fresh runtime
  ---
  duration_ms: 143.948746
  type: 'test'
  location: '/workspace/scratch/59771f6e8e39/hearttrace-song-composite-1.0.16/tokimemo-main/tools/verification/mv-update-regression.mjs:13:1'
  failureType: 'testCodeFailure'
  error: |-
    Expected values to be strictly equal:
    
    false !== true
    
  code: 'ERR_ASSERTION'
  name: 'AssertionError'
  expected: true
  actual: false
  operator: 'strictEqual'
  stack: |-
    TestContext.<anonymous> (file:///workspace/scratch/59771f6e8e39/hearttrace-song-composite-1.0.16/tokimemo-main/tools/verification/mv-update-regression.mjs:13:231)
    async Test.run (node:internal/test_runner/test:1389:7)
    async Test.processPendingSubtests (node:internal/test_runner/test:960:7)
  ...
# Subtest: song deletion and text changes cannot receive a late paid result
ok 355 - song deletion and text changes cannot receive a late paid result
  ---
  duration_ms: 286.549885
  type: 'test'
  ...
# Subtest: absent/silent local storage and rejected metadata never claim durable success
ok 356 - absent/silent local storage and rejected metadata never claim durable success
  ---
  duration_ms: 173.297623
  type: 'test'
  ...
# Subtest: malformed paid storyboard remains exportable with no automatic new request
ok 357 - malformed paid storyboard remains exportable with no automatic new request
  ---
  duration_ms: 139.59844
  type: 'test'
  ...
# Subtest: late generated frame never overwrites a newer manual image
ok 358 - late generated frame never overwrites a newer manual image
  ---
  duration_ms: 139.488848
  type: 'test'
  ...
# Subtest: late rewrite detects shot edits and keeps paid rewrite
ok 359 - late rewrite detects shot edits and keeps paid rewrite
  ---
  duration_ms: 156.046944
  type: 'test'
  ...
# Subtest: legacy reversed taps produce strictly positive non-overlapping SRT times
ok 360 - legacy reversed taps produce strictly positive non-overlapping SRT times
  ---
  duration_ms: 148.248949
  type: 'test'
  ...
# Subtest: frame cast is the exact intersection of shot people and appearance preference
not ok 361 - frame cast is the exact intersection of shot people and appearance preference
  ---
  duration_ms: 139.137473
  type: 'test'
  location: '/workspace/scratch/59771f6e8e39/hearttrace-song-composite-1.0.16/tokimemo-main/tools/verification/mv-update-regression.mjs:20:1'
  failureType: 'testCodeFailure'
  error: |-
    The input did not match the regular expression /no people/. Input:
    
    'vertical 9:16 composition, empty room, scenery, no humans'
    
  code: 'ERR_ASSERTION'
  name: 'AssertionError'
  expected:
  actual: 'vertical 9:16 composition, empty room, scenery, no humans'
  operator: 'match'
  stack: |-
    TestContext.<anonymous> (file:///workspace/scratch/59771f6e8e39/hearttrace-song-composite-1.0.16/tokimemo-main/tools/verification/mv-update-regression.mjs:20:585)
    async Test.run (node:internal/test_runner/test:1389:7)
    async Test.processPendingSubtests (node:internal/test_runner/test:960:7)
  ...
# Subtest: delayed audio restore cannot change another chat/song filename or duration
ok 362 - delayed audio restore cannot change another chat/song filename or duration
  ---
  duration_ms: 155.202741
  type: 'test'
  ...
# Subtest: audio with same song id is isolated by chat and late restore loses to manual upload
ok 363 - audio with same song id is isolated by chat and late restore loses to manual upload
  ---
  duration_ms: 181.639366
  type: 'test'
  ...
# Subtest: leaving MV while playing stops audio and never renders over another route
ok 364 - leaving MV while playing stops audio and never renders over another route
  ---
  duration_ms: 161.761042
  type: 'test'
  ...
# Subtest: record countdown is cancelled on exit and cannot play later
ok 365 - record countdown is cancelled on exit and cannot play later
  ---
  duration_ms: 178.199444
  type: 'test'
  ...
# Subtest: canvas subtitles preserve the entire lyric instead of clipping to 24 characters
ok 366 - canvas subtitles preserve the entire lyric instead of clipping to 24 characters
  ---
  duration_ms: 171.372014
  type: 'test'
  ...
# Subtest: public tap nudge cannot cross the next marked section
ok 367 - public tap nudge cannot cross the next marked section
  ---
  duration_ms: 161.254386
  type: 'test'
  ...
# Subtest: updater accepts same project SSH remote and reverse-proxy prefix with JSON/CSRF intact
ok 368 - updater accepts same project SSH remote and reverse-proxy prefix with JSON/CSRF intact
  ---
  duration_ms: 154.680166
  type: 'test'
  ...
# Subtest: updater independently verifies the resulting commit instead of trusting update response
ok 369 - updater independently verifies the resulting commit instead of trusting update response
  ---
  duration_ms: 156.364033
  type: 'test'
  ...
# Subtest: up-to-date branch makes no update POST and shows actual loaded build
ok 370 - up-to-date branch makes no update POST and shows actual loaded build
  ---
  duration_ms: 161.391134
  type: 'test'
  ...
# Subtest: wrong remote, ZIP, denied permissions and cross-origin path never pull code
ok 371 - wrong remote, ZIP, denied permissions and cross-origin path never pull code
  ---
  duration_ms: 165.066995
  type: 'test'
  ...
# Subtest: concurrent update clicks share a single update and release failed button
ok 372 - concurrent update clicks share a single update and release failed button
  ---
  duration_ms: 162.942208
  type: 'test'
  ...
# Subtest: song plan and storage retain song 81 and cumulative text beyond 1.2M
ok 373 - song plan and storage retain song 81 and cumulative text beyond 1.2M
  ---
  duration_ms: 276.256153
  type: 'test'
  ...
# Subtest: leaving during active export stops recorder, audio and tracks without redrawing another page
ok 374 - leaving during active export stops recorder, audio and tracks without redrawing another page
  ---
  duration_ms: 186.165952
  type: 'test'
  ...
# Subtest: export waits for local image blobs and cannot start after leaving during preload
ok 375 - export waits for local image blobs and cannot start after leaving during preload
  ---
  duration_ms: 187.115519
  type: 'test'
  ...
# Subtest: settings updater entry renders escaped complete running version independently of update status
ok 376 - settings updater entry renders escaped complete running version independently of update status
  ---
  duration_ms: 179.085526
  type: 'test'
  ...
# Subtest: normal paid frame saves once and survives metadata failure through confirmed local copy
ok 377 - normal paid frame saves once and survives metadata failure through confirmed local copy
  ---
  duration_ms: 361.988121
  type: 'test'
  ...
# Subtest: storyboard saves alongside newer audio duration/timing without reverting either
ok 378 - storyboard saves alongside newer audio duration/timing without reverting either
  ---
  duration_ms: 218.69541
  type: 'test'
  ...
# Subtest: MV backup includes old metadata-only records before the first local write
ok 379 - MV backup includes old metadata-only records before the first local write
  ---
  duration_ms: 191.09823
  type: 'test'
  ...
# Subtest: completed body + open draw ticket: settle without new body requests; repeated wake is idle
ok 380 - completed body + open draw ticket: settle without new body requests; repeated wake is idle
  ---
  duration_ms: 4.602335
  type: 'test'
  ...
# Subtest: settlement failure can be retried without rerunning completed body
ok 381 - settlement failure can be retried without rerunning completed body
  ---
  duration_ms: 1.668013
  type: 'test'
  ...
# Subtest: failed pending step on same floor remains resumable; saved steps never execute
ok 382 - failed pending step on same floor remains resumable; saved steps never execute
  ---
  duration_ms: 1.148283
  type: 'test'
  ...
# Subtest: every 1 floor, 4 floors with repeated wakeups -> exactly 4 bodies and no adjacent repeat in multi-candidate pool
ok 383 - every 1 floor, 4 floors with repeated wakeups -> exactly 4 bodies and no adjacent repeat in multi-candidate pool
  ---
  duration_ms: 2.751935
  type: 'test'
  ...
# Subtest: only one eligible module continues generating each floor (no added block)
ok 384 - only one eligible module continues generating each floor (no added block)
  ---
  duration_ms: 2.573032
  type: 'test'
  ...
# Subtest: completed ticket on next due floor does not consume or block the new draw
ok 385 - completed ticket on next due floor does not consume or block the new draw
  ---
  duration_ms: 0.581162
  type: 'test'
  ...
# Subtest: batch progress preserves page-only flag and displays a working save-only entry
ok 386 - batch progress preserves page-only flag and displays a working save-only entry
  ---
  duration_ms: 40.06358
  type: 'test'
  ...
# Subtest: successful paid segment survives storage failure; explicit save makes it durable with zero additional model calls
ok 387 - successful paid segment survives storage failure; explicit save makes it durable with zero additional model calls
  ---
  duration_ms: 8.340667
  type: 'test'
  ...
# Subtest: new batch reusing storage slot never counts previous batch successes as current saved successes
ok 388 - new batch reusing storage slot never counts previous batch successes as current saved successes
  ---
  duration_ms: 6.041812
  type: 'test'
  ...
# Subtest: manual save waits for a failed in-flight write, then performs its own save retry
ok 389 - manual save waits for a failed in-flight write, then performs its own save retry
  ---
  duration_ms: 2.012123
  type: 'test'
  ...
# Subtest: storage CAS conflicts still preserve page data and do not overwrite external data
ok 390 - storage CAS conflicts still preserve page data and do not overwrite external data
  ---
  duration_ms: 2.431841
  type: 'test'
  ...
# Subtest: finished result or parked old draft with failed storage still exposes save-only action
ok 391 - finished result or parked old draft with failed storage still exposes save-only action
  ---
  duration_ms: 3.624377
  type: 'test'
  ...
# Subtest: legacy songs remain readable, with optional cover absent and no data mutation on opening
ok 392 - legacy songs remain readable, with optional cover absent and no data mutation on opening
  ---
  duration_ms: 3.121846
  type: 'test'
  ...
# Subtest: cover apply/reopen/redraw/history touches only the selected cover, preserving lyrics and neighboring songs
ok 393 - cover apply/reopen/redraw/history touches only the selected cover, preserving lyrics and neighboring songs
  ---
  duration_ms: 3.765635
  type: 'test'
  ...
# Subtest: late cover cannot overwrite changed lyrics, another song, or another mode
ok 394 - late cover cannot overwrite changed lyrics, another song, or another mode
  ---
  duration_ms: 0.38149
  type: 'test'
  ...
# Subtest: newer redraw is preserved when an older image completion arrives late
ok 395 - newer redraw is preserved when an older image completion arrives late
  ---
  duration_ms: 0.615493
  type: 'test'
  ...
# Subtest: cover sidecar rejects remote / embedded / script / traversal paths using existing saved-image contract
ok 396 - cover sidecar rejects remote / embedded / script / traversal paths using existing saved-image contract
  ---
  duration_ms: 0.698408
  type: 'test'
  ...
# Subtest: concurrent new song commit keeps latest stored cover and still rejects text conflicts
ok 397 - concurrent new song commit keeps latest stored cover and still rejects text conflicts
  ---
  duration_ms: 1.926462
  type: 'test'
  ...
# Subtest: initial and reconceived album art prompts are cinematic fashion covers, not old generic 16:9 scene instructions
ok 398 - initial and reconceived album art prompts are cinematic fashion covers, not old generic 16:9 scene instructions
  ---
  duration_ms: 1.688333
  type: 'test'
  ...
# Subtest: read-only cover view displays saved art without edit buttons
ok 399 - read-only cover view displays saved art without edit buttons
  ---
  duration_ms: 1.064448
  type: 'test'
  ...
# Subtest: album concept preserves participant identities and existing appearance contract in both text formats
ok 400 - album concept preserves participant identities and existing appearance contract in both text formats
  ---
  duration_ms: 1.884113
  type: 'test'
  ...
# Subtest: manual album prompt remains editable and sendable with empty appearance; no new formatting gate
ok 401 - manual album prompt remains editable and sendable with empty appearance; no new formatting gate
  ---
  duration_ms: 1.310158
  type: 'test'
  ...
# Subtest: cover capture uses existing chat/revision identity and becomes stale on changed song content
ok 402 - cover capture uses existing chat/revision identity and becomes stale on changed song content
  ---
  duration_ms: 3.026222
  type: 'test'
  ...
# (node:353) ExperimentalWarning: VM Modules is an experimental feature and might change at any time
# (Use `node --trace-warnings ...` to show where the warning was created)
# Subtest: ordinary ledger is retained even when provider labels it memory and uses no timing keywords
ok 403 - ordinary ledger is retained even when provider labels it memory and uses no timing keywords
  ---
  duration_ms: 141.166635
  type: 'test'
  ...
# Subtest: all ordinary app kinds accept persona content without memory quotes or new mandatory fields
ok 404 - all ordinary app kinds accept persona content without memory quotes or new mandatory fields
  ---
  duration_ms: 139.535446
  type: 'test'
  ...
# Subtest: the final phone normalizer does not turn a validated ledger back into source excerpts
ok 405 - the final phone normalizer does not turn a validated ledger back into source excerpts
  ---
  duration_ms: 133.315736
  type: 'test'
  ...
# Subtest: actual joint history still needs evidence and is never downgraded into ordinary life
ok 406 - actual joint history still needs evidence and is never downgraded into ordinary life
  ---
  duration_ms: 137.617805
  type: 'test'
  ...
# Subtest: known contact can use name and a present note without a telephone or address
ok 407 - known contact can use name and a present note without a telephone or address
  ---
  duration_ms: 162.230298
  type: 'test'
  ...
# Subtest: unknown contacts and invented private fields remain rejected
ok 408 - unknown contacts and invented private fields remain rejected
  ---
  duration_ms: 140.595823
  type: 'test'
  ...
# Subtest: terminal prompt supplies contact identity and app-shaped records without UI disclaimers
ok 409 - terminal prompt supplies contact identity and app-shaped records without UI disclaimers
  ---
  duration_ms: 137.050292
  type: 'test'
  ...
# Subtest: old recap repair is offered without mutating or dropping saved rows
ok 410 - old recap repair is offered without mutating or dropping saved rows
  ---
  duration_ms: 148.227021
  type: 'test'
  ...
# Subtest: explicit repair requests only recap or missing slots and persists the successful replacement
ok 411 - explicit repair requests only recap or missing slots and persists the successful replacement
  ---
  duration_ms: 151.164448
  type: 'test'
  ...
# Subtest: repair errors and failed saves never mutate the previous session
ok 412 - repair errors and failed saves never mutate the previous session
  ---
  duration_ms: 148.168124
  type: 'test'
  ...
# Subtest: historical chat and contact records are not rewritten by the ordinary app repair
ok 413 - historical chat and contact records are not rewritten by the ordinary app repair
  ---
  duration_ms: 139.16681
  type: 'test'
  ...
# Subtest: app lists expose ledger fields and named contact cards, escaping model text
ok 414 - app lists expose ledger fields and named contact cards, escaping model text
  ---
  duration_ms: 148.132195
  type: 'test'
  ...
# Subtest: legacy recap labels are absent in list and detail while source data remains unchanged
ok 415 - legacy recap labels are absent in list and detail while source data remains unchanged
  ---
  duration_ms: 213.588511
  type: 'test'
  ...
# Subtest: empty app has a working generation action and read-only app has no paid action
ok 416 - empty app has a working generation action and read-only app has no paid action
  ---
  duration_ms: 151.395176
  type: 'test'
  ...
# Subtest: new expression direction is available manually, recommended by fit, and does not force unrelated songs
ok 417 - new expression direction is available manually, recommended by fit, and does not force unrelated songs
  ---
  duration_ms: 156.921904
  type: 'test'
  ...
# Subtest: expression storyboard uses the existing one-request schema, saves type, and reuses assets
ok 418 - expression storyboard uses the existing one-request schema, saves type, and reuses assets
  ---
  duration_ms: 159.838002
  type: 'test'
  ...
# Subtest: expression selector remains reachable for existing storyboards without requesting generation
ok 419 - expression selector remains reachable for existing storyboards without requesting generation
  ---
  duration_ms: 175.431814
  type: 'test'
  ...
# Subtest: MV shortcut is inside the selected song above its cover, keeps the song ID and sends no requests
ok 420 - MV shortcut is inside the selected song above its cover, keeps the song ID and sends no requests
  ---
  duration_ms: 163.676504
  type: 'test'
  ...
# Subtest: MV shortcut stays hidden for incomplete, absent or read-only songs
ok 421 - MV shortcut stays hidden for incomplete, absent or read-only songs
  ---
  duration_ms: 166.890372
  type: 'test'
  ...
# Subtest: a completely empty legacy app can be filled instead of exposing a no-op button
ok 422 - a completely empty legacy app can be filled instead of exposing a no-op button
  ---
  duration_ms: 171.777995
  type: 'test'
  ...
# Subtest: unusable replacement is not presented as a completed recap repair
ok 423 - unusable replacement is not presented as a completed recap repair
  ---
  duration_ms: 203.206097
  type: 'test'
  ...
# Subtest: saved terminal directory continuation preserves completed apps and requests the pending app only
ok 424 - saved terminal directory continuation preserves completed apps and requests the pending app only
  ---
  duration_ms: 185.900627
  type: 'test'
  ...
# Subtest: one bad contact never hides a valid sibling, and malformed optional fields do not throw a TypeError
ok 425 - one bad contact never hides a valid sibling, and malformed optional fields do not throw a TypeError
  ---
  duration_ms: 182.6162
  type: 'test'
  ...
# Subtest: new top MV button opens the selected song through the existing event handler without generating
ok 426 - new top MV button opens the selected song through the existing event handler without generating
  ---
  duration_ms: 252.658336
  type: 'test'
  ...
# (node:361) ExperimentalWarning: VM Modules is an experimental feature and might change at any time
# (Use `node --trace-warnings ...` to show where the warning was created)
# Subtest: song prompt guides singability, a recurring hook and audible arrangement without a fixed style
ok 427 - song prompt guides singability, a recurring hook and audible arrangement without a fixed style
  ---
  duration_ms: 190.232603
  type: 'test'
  ...
# Subtest: musical direction has explicit creative priority but remains JSON data with output boundaries
ok 428 - musical direction has explicit creative priority but remains JSON data with output boundaries
  ---
  duration_ms: 221.783768
  type: 'test'
  ...
# Subtest: all existing language and voice choices retain their plan, singer and prompt fields
ok 429 - all existing language and voice choices retain their plan, singer and prompt fields
  ---
  duration_ms: 143.372884
  type: 'test'
  ...
# Subtest: new songwriting guidance keeps minimal valid lyrics, missing BPM and previous output schema valid
ok 430 - new songwriting guidance keeps minimal valid lyrics, missing BPM and previous output schema valid
  ---
  duration_ms: 146.249473
  type: 'test'
  ...
# Subtest: new song generation uses one existing provider request and preserves prior song content
ok 431 - new song generation uses one existing provider request and preserves prior song content
  ---
  duration_ms: 201.773182
  type: 'test'
  ...
# Subtest: event songs preserve the selected factual source and remain fiction
ok 432 - event songs preserve the selected factual source and remain fiction
  ---
  duration_ms: 148.686492
  type: 'test'
  ...
1..432
# tests 432
# suites 0
# pass 429
# fail 3
# cancelled 0
# skipped 0
# todo 0
# duration_ms 25096.688466
